;or;ex;weight
0;init;0_t_0;15.389925003051758
1;init;1_t_0;14.78311824798584
2;init;2_t_0;12.48749828338623
3;init;3_t_0;16.052040100097656
4;init;4_t_0;15.385616302490234
5;init;5_t_0;15.28077220916748
6;init;6_t_0;12.361477851867676
7;init;7_t_0;15.579039573669434
8;init;8_t_0;15.579039573669434
9;init;9_t_0;11.9225492477417
10;init;10_t_0;15.579039573669434
11;init;11_t_0;15.579039573669434
12;init;12_t_0;15.579039573669434
13;init;13_t_0;15.579039573669434
14;init;14_t_0;15.95208740234375
15;init;15_t_0;11.964741706848145
16;init;16_t_0;15.579039573669434
17;init;17_t_0;15.579039573669434
18;init;18_t_0;15.579039573669434
19;init;19_t_0;15.579039573669434
20;init;20_t_0;15.579039573669434
21;init;21_t_0;15.579039573669434
22;init;22_t_0;15.579039573669434
23;init;23_t_0;15.579039573669434
24;init;24_t_0;15.579039573669434
25;init;25_t_0;15.579039573669434
26;init;26_t_0;15.579039573669434
27;init;27_t_0;15.579039573669434
28;init;28_t_0;15.579039573669434
29;init;29_t_0;15.579039573669434
30;init;30_t_0;15.579039573669434
31;0_t_0;0_t_1;15.359915733337402
32;0_t_0;1_t_1;14.777667999267578
33;0_t_0;3_t_1;16.006319046020508
34;0_t_0;4_t_1;15.326468467712402
35;0_t_0;5_t_1;15.236425399780273
36;0_t_0;6_t_1;12.309941291809082
37;0_t_0;7_t_1;15.527908325195312
38;0_t_0;8_t_1;15.527908325195312
39;0_t_0;10_t_1;15.527908325195312
40;0_t_0;11_t_1;15.527908325195312
41;0_t_0;16_t_1;15.527908325195312
42;0_t_0;17_t_1;15.527908325195312
43;0_t_0;18_t_1;15.527908325195312
44;0_t_0;19_t_1;15.527908325195312
45;1_t_0;0_t_1;15.359915733337402
46;1_t_0;1_t_1;14.777667999267578
47;1_t_0;3_t_1;16.006319046020508
48;1_t_0;4_t_1;15.326468467712402
49;1_t_0;5_t_1;15.236425399780273
50;1_t_0;7_t_1;15.527908325195312
51;1_t_0;8_t_1;15.527908325195312
52;1_t_0;9_t_1;11.889815330505371
53;1_t_0;10_t_1;15.527908325195312
54;1_t_0;11_t_1;15.527908325195312
55;1_t_0;16_t_1;15.527908325195312
56;1_t_0;17_t_1;15.527908325195312
57;1_t_0;21_t_1;15.527908325195312
58;1_t_0;22_t_1;15.527908325195312
59;2_t_0;2_t_1;12.414977073669434
60;2_t_0;3_t_1;16.006319046020508
61;2_t_0;4_t_1;15.326468467712402
62;2_t_0;6_t_1;12.309941291809082
63;2_t_0;9_t_1;11.889815330505371
64;2_t_0;12_t_1;15.527908325195312
65;2_t_0;13_t_1;15.527908325195312
66;2_t_0;15_t_1;11.902831077575684
67;2_t_0;18_t_1;15.527908325195312
68;2_t_0;19_t_1;15.527908325195312
69;2_t_0;21_t_1;15.527908325195312
70;2_t_0;22_t_1;15.527908325195312
71;2_t_0;25_t_1;15.527908325195312
72;2_t_0;26_t_1;15.527908325195312
73;3_t_0;0_t_1;15.359915733337402
74;3_t_0;1_t_1;14.777667999267578
75;3_t_0;2_t_1;12.414977073669434
76;3_t_0;3_t_1;16.006319046020508
77;3_t_0;5_t_1;15.236425399780273
78;3_t_0;7_t_1;15.527908325195312
79;3_t_0;10_t_1;15.527908325195312
80;3_t_0;12_t_1;15.527908325195312
81;3_t_0;14_t_1;15.899148941040039
82;3_t_0;16_t_1;15.527908325195312
83;3_t_0;20_t_1;15.527908325195312
84;3_t_0;23_t_1;15.527908325195312
85;3_t_0;24_t_1;15.527908325195312
86;3_t_0;27_t_1;15.527908325195312
87;4_t_0;0_t_1;15.359915733337402
88;4_t_0;1_t_1;14.777667999267578
89;4_t_0;2_t_1;12.414977073669434
90;4_t_0;4_t_1;15.326468467712402
91;4_t_0;5_t_1;15.236425399780273
92;4_t_0;8_t_1;15.527908325195312
93;4_t_0;11_t_1;15.527908325195312
94;4_t_0;13_t_1;15.527908325195312
95;4_t_0;14_t_1;15.899148941040039
96;4_t_0;17_t_1;15.527908325195312
97;4_t_0;20_t_1;15.527908325195312
98;4_t_0;23_t_1;15.527908325195312
99;4_t_0;24_t_1;15.527908325195312
100;4_t_0;27_t_1;15.527908325195312
101;5_t_0;0_t_1;15.359915733337402
102;5_t_0;1_t_1;14.777667999267578
103;5_t_0;3_t_1;16.006319046020508
104;5_t_0;4_t_1;15.326468467712402
105;5_t_0;5_t_1;15.236425399780273
106;5_t_0;7_t_1;15.527908325195312
107;5_t_0;8_t_1;15.527908325195312
108;5_t_0;10_t_1;15.527908325195312
109;5_t_0;11_t_1;15.527908325195312
110;5_t_0;15_t_1;11.902831077575684
111;5_t_0;16_t_1;15.527908325195312
112;5_t_0;17_t_1;15.527908325195312
113;5_t_0;25_t_1;15.527908325195312
114;5_t_0;26_t_1;15.527908325195312
115;6_t_0;0_t_1;15.359915733337402
116;6_t_0;2_t_1;12.414977073669434
117;6_t_0;6_t_1;12.309941291809082
118;6_t_0;7_t_1;15.527908325195312
119;6_t_0;8_t_1;15.527908325195312
120;6_t_0;9_t_1;11.889815330505371
121;6_t_0;12_t_1;15.527908325195312
122;6_t_0;13_t_1;15.527908325195312
123;6_t_0;15_t_1;11.902831077575684
124;6_t_0;18_t_1;15.527908325195312
125;6_t_0;19_t_1;15.527908325195312
126;6_t_0;21_t_1;15.527908325195312
127;6_t_0;22_t_1;15.527908325195312
128;6_t_0;25_t_1;15.527908325195312
129;6_t_0;26_t_1;15.527908325195312
130;7_t_0;0_t_1;15.359915733337402
131;7_t_0;1_t_1;14.777667999267578
132;7_t_0;3_t_1;16.006319046020508
133;7_t_0;5_t_1;15.236425399780273
134;7_t_0;6_t_1;12.309941291809082
135;7_t_0;7_t_1;15.527908325195312
136;7_t_0;10_t_1;15.527908325195312
137;7_t_0;14_t_1;15.899148941040039
138;7_t_0;16_t_1;15.527908325195312
139;7_t_0;18_t_1;15.527908325195312
140;7_t_0;20_t_1;15.527908325195312
141;7_t_0;23_t_1;15.527908325195312
142;7_t_0;27_t_1;15.527908325195312
143;7_t_0;28_t_1;15.527908325195312
144;8_t_0;0_t_1;15.359915733337402
145;8_t_0;1_t_1;14.777667999267578
146;8_t_0;4_t_1;15.326468467712402
147;8_t_0;5_t_1;15.236425399780273
148;8_t_0;6_t_1;12.309941291809082
149;8_t_0;8_t_1;15.527908325195312
150;8_t_0;11_t_1;15.527908325195312
151;8_t_0;14_t_1;15.899148941040039
152;8_t_0;17_t_1;15.527908325195312
153;8_t_0;19_t_1;15.527908325195312
154;8_t_0;20_t_1;15.527908325195312
155;8_t_0;23_t_1;15.527908325195312
156;8_t_0;27_t_1;15.527908325195312
157;8_t_0;28_t_1;15.527908325195312
158;9_t_0;1_t_1;14.777667999267578
159;9_t_0;2_t_1;12.414977073669434
160;9_t_0;6_t_1;12.309941291809082
161;9_t_0;9_t_1;11.889815330505371
162;9_t_0;10_t_1;15.527908325195312
163;9_t_0;11_t_1;15.527908325195312
164;9_t_0;12_t_1;15.527908325195312
165;9_t_0;13_t_1;15.527908325195312
166;9_t_0;15_t_1;11.902831077575684
167;9_t_0;18_t_1;15.527908325195312
168;9_t_0;19_t_1;15.527908325195312
169;9_t_0;21_t_1;15.527908325195312
170;9_t_0;22_t_1;15.527908325195312
171;9_t_0;25_t_1;15.527908325195312
172;9_t_0;26_t_1;15.527908325195312
173;10_t_0;0_t_1;15.359915733337402
174;10_t_0;1_t_1;14.777667999267578
175;10_t_0;3_t_1;16.006319046020508
176;10_t_0;5_t_1;15.236425399780273
177;10_t_0;7_t_1;15.527908325195312
178;10_t_0;9_t_1;11.889815330505371
179;10_t_0;10_t_1;15.527908325195312
180;10_t_0;14_t_1;15.899148941040039
181;10_t_0;16_t_1;15.527908325195312
182;10_t_0;20_t_1;15.527908325195312
183;10_t_0;21_t_1;15.527908325195312
184;10_t_0;23_t_1;15.527908325195312
185;10_t_0;27_t_1;15.527908325195312
186;10_t_0;29_t_1;15.527908325195312
187;11_t_0;0_t_1;15.359915733337402
188;11_t_0;1_t_1;14.777667999267578
189;11_t_0;4_t_1;15.326468467712402
190;11_t_0;5_t_1;15.236425399780273
191;11_t_0;8_t_1;15.527908325195312
192;11_t_0;9_t_1;11.889815330505371
193;11_t_0;11_t_1;15.527908325195312
194;11_t_0;14_t_1;15.899148941040039
195;11_t_0;17_t_1;15.527908325195312
196;11_t_0;20_t_1;15.527908325195312
197;11_t_0;22_t_1;15.527908325195312
198;11_t_0;23_t_1;15.527908325195312
199;11_t_0;27_t_1;15.527908325195312
200;11_t_0;29_t_1;15.527908325195312
201;12_t_0;2_t_1;12.414977073669434
202;12_t_0;3_t_1;16.006319046020508
203;12_t_0;6_t_1;12.309941291809082
204;12_t_0;9_t_1;11.889815330505371
205;12_t_0;12_t_1;15.527908325195312
206;12_t_0;14_t_1;15.899148941040039
207;12_t_0;15_t_1;11.902831077575684
208;12_t_0;18_t_1;15.527908325195312
209;12_t_0;21_t_1;15.527908325195312
210;12_t_0;24_t_1;15.527908325195312
211;12_t_0;25_t_1;15.527908325195312
212;12_t_0;28_t_1;15.527908325195312
213;12_t_0;29_t_1;15.527908325195312
214;12_t_0;30_t_1;15.527908325195312
215;13_t_0;2_t_1;12.414977073669434
216;13_t_0;4_t_1;15.326468467712402
217;13_t_0;6_t_1;12.309941291809082
218;13_t_0;9_t_1;11.889815330505371
219;13_t_0;13_t_1;15.527908325195312
220;13_t_0;14_t_1;15.899148941040039
221;13_t_0;15_t_1;11.902831077575684
222;13_t_0;19_t_1;15.527908325195312
223;13_t_0;22_t_1;15.527908325195312
224;13_t_0;24_t_1;15.527908325195312
225;13_t_0;26_t_1;15.527908325195312
226;13_t_0;28_t_1;15.527908325195312
227;13_t_0;29_t_1;15.527908325195312
228;13_t_0;30_t_1;15.527908325195312
229;14_t_0;3_t_1;16.006319046020508
230;14_t_0;4_t_1;15.326468467712402
231;14_t_0;7_t_1;15.527908325195312
232;14_t_0;8_t_1;15.527908325195312
233;14_t_0;10_t_1;15.527908325195312
234;14_t_0;11_t_1;15.527908325195312
235;14_t_0;12_t_1;15.527908325195312
236;14_t_0;13_t_1;15.527908325195312
237;14_t_0;14_t_1;15.899148941040039
238;14_t_0;16_t_1;15.527908325195312
239;14_t_0;17_t_1;15.527908325195312
240;14_t_0;20_t_1;15.527908325195312
241;14_t_0;23_t_1;15.527908325195312
242;14_t_0;24_t_1;15.527908325195312
243;14_t_0;27_t_1;15.527908325195312
244;15_t_0;2_t_1;12.414977073669434
245;15_t_0;5_t_1;15.236425399780273
246;15_t_0;6_t_1;12.309941291809082
247;15_t_0;9_t_1;11.889815330505371
248;15_t_0;12_t_1;15.527908325195312
249;15_t_0;13_t_1;15.527908325195312
250;15_t_0;15_t_1;11.902831077575684
251;15_t_0;16_t_1;15.527908325195312
252;15_t_0;17_t_1;15.527908325195312
253;15_t_0;18_t_1;15.527908325195312
254;15_t_0;19_t_1;15.527908325195312
255;15_t_0;21_t_1;15.527908325195312
256;15_t_0;22_t_1;15.527908325195312
257;15_t_0;25_t_1;15.527908325195312
258;15_t_0;26_t_1;15.527908325195312
259;16_t_0;0_t_1;15.359915733337402
260;16_t_0;1_t_1;14.777667999267578
261;16_t_0;3_t_1;16.006319046020508
262;16_t_0;5_t_1;15.236425399780273
263;16_t_0;7_t_1;15.527908325195312
264;16_t_0;10_t_1;15.527908325195312
265;16_t_0;14_t_1;15.899148941040039
266;16_t_0;15_t_1;11.902831077575684
267;16_t_0;16_t_1;15.527908325195312
268;16_t_0;20_t_1;15.527908325195312
269;16_t_0;23_t_1;15.527908325195312
270;16_t_0;25_t_1;15.527908325195312
271;16_t_0;27_t_1;15.527908325195312
272;16_t_0;30_t_1;15.527908325195312
273;17_t_0;0_t_1;15.359915733337402
274;17_t_0;1_t_1;14.777667999267578
275;17_t_0;4_t_1;15.326468467712402
276;17_t_0;5_t_1;15.236425399780273
277;17_t_0;8_t_1;15.527908325195312
278;17_t_0;11_t_1;15.527908325195312
279;17_t_0;14_t_1;15.899148941040039
280;17_t_0;15_t_1;11.902831077575684
281;17_t_0;17_t_1;15.527908325195312
282;17_t_0;20_t_1;15.527908325195312
283;17_t_0;23_t_1;15.527908325195312
284;17_t_0;26_t_1;15.527908325195312
285;17_t_0;27_t_1;15.527908325195312
286;17_t_0;30_t_1;15.527908325195312
287;18_t_0;0_t_1;15.359915733337402
288;18_t_0;2_t_1;12.414977073669434
289;18_t_0;6_t_1;12.309941291809082
290;18_t_0;7_t_1;15.527908325195312
291;18_t_0;9_t_1;11.889815330505371
292;18_t_0;12_t_1;15.527908325195312
293;18_t_0;15_t_1;11.902831077575684
294;18_t_0;18_t_1;15.527908325195312
295;18_t_0;20_t_1;15.527908325195312
296;18_t_0;21_t_1;15.527908325195312
297;18_t_0;24_t_1;15.527908325195312
298;18_t_0;25_t_1;15.527908325195312
299;18_t_0;28_t_1;15.527908325195312
300;18_t_0;29_t_1;15.527908325195312
301;18_t_0;30_t_1;15.527908325195312
302;19_t_0;0_t_1;15.359915733337402
303;19_t_0;2_t_1;12.414977073669434
304;19_t_0;6_t_1;12.309941291809082
305;19_t_0;8_t_1;15.527908325195312
306;19_t_0;9_t_1;11.889815330505371
307;19_t_0;13_t_1;15.527908325195312
308;19_t_0;15_t_1;11.902831077575684
309;19_t_0;19_t_1;15.527908325195312
310;19_t_0;20_t_1;15.527908325195312
311;19_t_0;22_t_1;15.527908325195312
312;19_t_0;24_t_1;15.527908325195312
313;19_t_0;26_t_1;15.527908325195312
314;19_t_0;28_t_1;15.527908325195312
315;19_t_0;29_t_1;15.527908325195312
316;19_t_0;30_t_1;15.527908325195312
317;20_t_0;3_t_1;16.006319046020508
318;20_t_0;4_t_1;15.326468467712402
319;20_t_0;7_t_1;15.527908325195312
320;20_t_0;8_t_1;15.527908325195312
321;20_t_0;10_t_1;15.527908325195312
322;20_t_0;11_t_1;15.527908325195312
323;20_t_0;14_t_1;15.899148941040039
324;20_t_0;16_t_1;15.527908325195312
325;20_t_0;17_t_1;15.527908325195312
326;20_t_0;18_t_1;15.527908325195312
327;20_t_0;19_t_1;15.527908325195312
328;20_t_0;20_t_1;15.527908325195312
329;20_t_0;23_t_1;15.527908325195312
330;20_t_0;27_t_1;15.527908325195312
331;20_t_0;28_t_1;15.527908325195312
332;21_t_0;1_t_1;14.777667999267578
333;21_t_0;2_t_1;12.414977073669434
334;21_t_0;6_t_1;12.309941291809082
335;21_t_0;9_t_1;11.889815330505371
336;21_t_0;10_t_1;15.527908325195312
337;21_t_0;12_t_1;15.527908325195312
338;21_t_0;15_t_1;11.902831077575684
339;21_t_0;18_t_1;15.527908325195312
340;21_t_0;21_t_1;15.527908325195312
341;21_t_0;23_t_1;15.527908325195312
342;21_t_0;24_t_1;15.527908325195312
343;21_t_0;25_t_1;15.527908325195312
344;21_t_0;28_t_1;15.527908325195312
345;21_t_0;29_t_1;15.527908325195312
346;21_t_0;30_t_1;15.527908325195312
347;22_t_0;1_t_1;14.777667999267578
348;22_t_0;2_t_1;12.414977073669434
349;22_t_0;6_t_1;12.309941291809082
350;22_t_0;9_t_1;11.889815330505371
351;22_t_0;11_t_1;15.527908325195312
352;22_t_0;13_t_1;15.527908325195312
353;22_t_0;15_t_1;11.902831077575684
354;22_t_0;19_t_1;15.527908325195312
355;22_t_0;22_t_1;15.527908325195312
356;22_t_0;23_t_1;15.527908325195312
357;22_t_0;24_t_1;15.527908325195312
358;22_t_0;26_t_1;15.527908325195312
359;22_t_0;28_t_1;15.527908325195312
360;22_t_0;29_t_1;15.527908325195312
361;22_t_0;30_t_1;15.527908325195312
362;23_t_0;3_t_1;16.006319046020508
363;23_t_0;4_t_1;15.326468467712402
364;23_t_0;7_t_1;15.527908325195312
365;23_t_0;8_t_1;15.527908325195312
366;23_t_0;10_t_1;15.527908325195312
367;23_t_0;11_t_1;15.527908325195312
368;23_t_0;14_t_1;15.899148941040039
369;23_t_0;16_t_1;15.527908325195312
370;23_t_0;17_t_1;15.527908325195312
371;23_t_0;20_t_1;15.527908325195312
372;23_t_0;21_t_1;15.527908325195312
373;23_t_0;22_t_1;15.527908325195312
374;23_t_0;23_t_1;15.527908325195312
375;23_t_0;27_t_1;15.527908325195312
376;23_t_0;29_t_1;15.527908325195312
377;24_t_0;3_t_1;16.006319046020508
378;24_t_0;4_t_1;15.326468467712402
379;24_t_0;12_t_1;15.527908325195312
380;24_t_0;13_t_1;15.527908325195312
381;24_t_0;14_t_1;15.899148941040039
382;24_t_0;18_t_1;15.527908325195312
383;24_t_0;19_t_1;15.527908325195312
384;24_t_0;21_t_1;15.527908325195312
385;24_t_0;22_t_1;15.527908325195312
386;24_t_0;24_t_1;15.527908325195312
387;24_t_0;25_t_1;15.527908325195312
388;24_t_0;26_t_1;15.527908325195312
389;24_t_0;28_t_1;15.527908325195312
390;24_t_0;29_t_1;15.527908325195312
391;24_t_0;30_t_1;15.527908325195312
392;25_t_0;2_t_1;12.414977073669434
393;25_t_0;5_t_1;15.236425399780273
394;25_t_0;6_t_1;12.309941291809082
395;25_t_0;9_t_1;11.889815330505371
396;25_t_0;12_t_1;15.527908325195312
397;25_t_0;15_t_1;11.902831077575684
398;25_t_0;16_t_1;15.527908325195312
399;25_t_0;18_t_1;15.527908325195312
400;25_t_0;21_t_1;15.527908325195312
401;25_t_0;24_t_1;15.527908325195312
402;25_t_0;25_t_1;15.527908325195312
403;25_t_0;27_t_1;15.527908325195312
404;25_t_0;28_t_1;15.527908325195312
405;25_t_0;29_t_1;15.527908325195312
406;25_t_0;30_t_1;15.527908325195312
407;26_t_0;2_t_1;12.414977073669434
408;26_t_0;5_t_1;15.236425399780273
409;26_t_0;6_t_1;12.309941291809082
410;26_t_0;9_t_1;11.889815330505371
411;26_t_0;13_t_1;15.527908325195312
412;26_t_0;15_t_1;11.902831077575684
413;26_t_0;17_t_1;15.527908325195312
414;26_t_0;19_t_1;15.527908325195312
415;26_t_0;22_t_1;15.527908325195312
416;26_t_0;24_t_1;15.527908325195312
417;26_t_0;26_t_1;15.527908325195312
418;26_t_0;27_t_1;15.527908325195312
419;26_t_0;28_t_1;15.527908325195312
420;26_t_0;29_t_1;15.527908325195312
421;26_t_0;30_t_1;15.527908325195312
422;27_t_0;3_t_1;16.006319046020508
423;27_t_0;4_t_1;15.326468467712402
424;27_t_0;7_t_1;15.527908325195312
425;27_t_0;8_t_1;15.527908325195312
426;27_t_0;10_t_1;15.527908325195312
427;27_t_0;11_t_1;15.527908325195312
428;27_t_0;14_t_1;15.899148941040039
429;27_t_0;16_t_1;15.527908325195312
430;27_t_0;17_t_1;15.527908325195312
431;27_t_0;20_t_1;15.527908325195312
432;27_t_0;23_t_1;15.527908325195312
433;27_t_0;25_t_1;15.527908325195312
434;27_t_0;26_t_1;15.527908325195312
435;27_t_0;27_t_1;15.527908325195312
436;27_t_0;30_t_1;15.527908325195312
437;28_t_0;7_t_1;15.527908325195312
438;28_t_0;8_t_1;15.527908325195312
439;28_t_0;12_t_1;15.527908325195312
440;28_t_0;13_t_1;15.527908325195312
441;28_t_0;18_t_1;15.527908325195312
442;28_t_0;19_t_1;15.527908325195312
443;28_t_0;20_t_1;15.527908325195312
444;28_t_0;21_t_1;15.527908325195312
445;28_t_0;22_t_1;15.527908325195312
446;28_t_0;24_t_1;15.527908325195312
447;28_t_0;25_t_1;15.527908325195312
448;28_t_0;26_t_1;15.527908325195312
449;28_t_0;28_t_1;15.527908325195312
450;28_t_0;29_t_1;15.527908325195312
451;28_t_0;30_t_1;15.527908325195312
452;29_t_0;10_t_1;15.527908325195312
453;29_t_0;11_t_1;15.527908325195312
454;29_t_0;12_t_1;15.527908325195312
455;29_t_0;13_t_1;15.527908325195312
456;29_t_0;18_t_1;15.527908325195312
457;29_t_0;19_t_1;15.527908325195312
458;29_t_0;21_t_1;15.527908325195312
459;29_t_0;22_t_1;15.527908325195312
460;29_t_0;23_t_1;15.527908325195312
461;29_t_0;24_t_1;15.527908325195312
462;29_t_0;25_t_1;15.527908325195312
463;29_t_0;26_t_1;15.527908325195312
464;29_t_0;28_t_1;15.527908325195312
465;29_t_0;29_t_1;15.527908325195312
466;29_t_0;30_t_1;15.527908325195312
467;30_t_0;12_t_1;15.527908325195312
468;30_t_0;13_t_1;15.527908325195312
469;30_t_0;16_t_1;15.527908325195312
470;30_t_0;17_t_1;15.527908325195312
471;30_t_0;18_t_1;15.527908325195312
472;30_t_0;19_t_1;15.527908325195312
473;30_t_0;21_t_1;15.527908325195312
474;30_t_0;22_t_1;15.527908325195312
475;30_t_0;24_t_1;15.527908325195312
476;30_t_0;25_t_1;15.527908325195312
477;30_t_0;26_t_1;15.527908325195312
478;30_t_0;27_t_1;15.527908325195312
479;30_t_0;28_t_1;15.527908325195312
480;30_t_0;29_t_1;15.527908325195312
481;30_t_0;30_t_1;15.527908325195312
482;0_t_1;0_t_2;15.371094703674316
483;0_t_1;1_t_2;14.78490161895752
484;0_t_1;3_t_2;16.04669952392578
485;0_t_1;4_t_2;15.414306640625
486;0_t_1;5_t_2;15.280320167541504
487;0_t_1;6_t_2;12.37807846069336
488;0_t_1;7_t_2;15.579704284667969
489;0_t_1;8_t_2;15.579704284667969
490;0_t_1;10_t_2;15.579704284667969
491;0_t_1;11_t_2;15.579704284667969
492;0_t_1;16_t_2;15.579704284667969
493;0_t_1;17_t_2;15.579704284667969
494;0_t_1;18_t_2;15.579704284667969
495;0_t_1;19_t_2;15.579704284667969
496;1_t_1;0_t_2;15.371094703674316
497;1_t_1;1_t_2;14.78490161895752
498;1_t_1;3_t_2;16.04669952392578
499;1_t_1;4_t_2;15.414306640625
500;1_t_1;5_t_2;15.280320167541504
501;1_t_1;7_t_2;15.579704284667969
502;1_t_1;8_t_2;15.579704284667969
503;1_t_1;9_t_2;11.965773582458496
504;1_t_1;10_t_2;15.579704284667969
505;1_t_1;11_t_2;15.579704284667969
506;1_t_1;16_t_2;15.579704284667969
507;1_t_1;17_t_2;15.579704284667969
508;1_t_1;21_t_2;15.579704284667969
509;1_t_1;22_t_2;15.579704284667969
510;2_t_1;2_t_2;12.522486686706543
511;2_t_1;3_t_2;16.04669952392578
512;2_t_1;4_t_2;15.414306640625
513;2_t_1;6_t_2;12.37807846069336
514;2_t_1;9_t_2;11.965773582458496
515;2_t_1;12_t_2;15.579704284667969
516;2_t_1;13_t_2;15.579704284667969
517;2_t_1;15_t_2;11.994483947753906
518;2_t_1;18_t_2;15.579704284667969
519;2_t_1;19_t_2;15.579704284667969
520;2_t_1;21_t_2;15.579704284667969
521;2_t_1;22_t_2;15.579704284667969
522;2_t_1;25_t_2;15.579704284667969
523;2_t_1;26_t_2;15.579704284667969
524;3_t_1;0_t_2;15.371094703674316
525;3_t_1;1_t_2;14.78490161895752
526;3_t_1;2_t_2;12.522486686706543
527;3_t_1;3_t_2;16.04669952392578
528;3_t_1;5_t_2;15.280320167541504
529;3_t_1;7_t_2;15.579704284667969
530;3_t_1;10_t_2;15.579704284667969
531;3_t_1;12_t_2;15.579704284667969
532;3_t_1;14_t_2;15.974553108215332
533;3_t_1;16_t_2;15.579704284667969
534;3_t_1;20_t_2;15.579704284667969
535;3_t_1;23_t_2;15.579704284667969
536;3_t_1;24_t_2;15.579704284667969
537;3_t_1;27_t_2;15.579704284667969
538;4_t_1;0_t_2;15.371094703674316
539;4_t_1;1_t_2;14.78490161895752
540;4_t_1;2_t_2;12.522486686706543
541;4_t_1;4_t_2;15.414306640625
542;4_t_1;5_t_2;15.280320167541504
543;4_t_1;8_t_2;15.579704284667969
544;4_t_1;11_t_2;15.579704284667969
545;4_t_1;13_t_2;15.579704284667969
546;4_t_1;14_t_2;15.974553108215332
547;4_t_1;17_t_2;15.579704284667969
548;4_t_1;20_t_2;15.579704284667969
549;4_t_1;23_t_2;15.579704284667969
550;4_t_1;24_t_2;15.579704284667969
551;4_t_1;27_t_2;15.579704284667969
552;5_t_1;0_t_2;15.371094703674316
553;5_t_1;1_t_2;14.78490161895752
554;5_t_1;3_t_2;16.04669952392578
555;5_t_1;4_t_2;15.414306640625
556;5_t_1;5_t_2;15.280320167541504
557;5_t_1;7_t_2;15.579704284667969
558;5_t_1;8_t_2;15.579704284667969
559;5_t_1;10_t_2;15.579704284667969
560;5_t_1;11_t_2;15.579704284667969
561;5_t_1;15_t_2;11.994483947753906
562;5_t_1;16_t_2;15.579704284667969
563;5_t_1;17_t_2;15.579704284667969
564;5_t_1;25_t_2;15.579704284667969
565;5_t_1;26_t_2;15.579704284667969
566;6_t_1;0_t_2;15.371094703674316
567;6_t_1;2_t_2;12.522486686706543
568;6_t_1;6_t_2;12.37807846069336
569;6_t_1;7_t_2;15.579704284667969
570;6_t_1;8_t_2;15.579704284667969
571;6_t_1;9_t_2;11.965773582458496
572;6_t_1;12_t_2;15.579704284667969
573;6_t_1;13_t_2;15.579704284667969
574;6_t_1;15_t_2;11.994483947753906
575;6_t_1;18_t_2;15.579704284667969
576;6_t_1;19_t_2;15.579704284667969
577;6_t_1;21_t_2;15.579704284667969
578;6_t_1;22_t_2;15.579704284667969
579;6_t_1;25_t_2;15.579704284667969
580;6_t_1;26_t_2;15.579704284667969
581;7_t_1;0_t_2;15.371094703674316
582;7_t_1;1_t_2;14.78490161895752
583;7_t_1;3_t_2;16.04669952392578
584;7_t_1;5_t_2;15.280320167541504
585;7_t_1;6_t_2;12.37807846069336
586;7_t_1;7_t_2;15.579704284667969
587;7_t_1;10_t_2;15.579704284667969
588;7_t_1;14_t_2;15.974553108215332
589;7_t_1;16_t_2;15.579704284667969
590;7_t_1;18_t_2;15.579704284667969
591;7_t_1;20_t_2;15.579704284667969
592;7_t_1;23_t_2;15.579704284667969
593;7_t_1;27_t_2;15.579704284667969
594;7_t_1;28_t_2;15.579704284667969
595;8_t_1;0_t_2;15.371094703674316
596;8_t_1;1_t_2;14.78490161895752
597;8_t_1;4_t_2;15.414306640625
598;8_t_1;5_t_2;15.280320167541504
599;8_t_1;6_t_2;12.37807846069336
600;8_t_1;8_t_2;15.579704284667969
601;8_t_1;11_t_2;15.579704284667969
602;8_t_1;14_t_2;15.974553108215332
603;8_t_1;17_t_2;15.579704284667969
604;8_t_1;19_t_2;15.579704284667969
605;8_t_1;20_t_2;15.579704284667969
606;8_t_1;23_t_2;15.579704284667969
607;8_t_1;27_t_2;15.579704284667969
608;8_t_1;28_t_2;15.579704284667969
609;9_t_1;1_t_2;14.78490161895752
610;9_t_1;2_t_2;12.522486686706543
611;9_t_1;6_t_2;12.37807846069336
612;9_t_1;9_t_2;11.965773582458496
613;9_t_1;10_t_2;15.579704284667969
614;9_t_1;11_t_2;15.579704284667969
615;9_t_1;12_t_2;15.579704284667969
616;9_t_1;13_t_2;15.579704284667969
617;9_t_1;15_t_2;11.994483947753906
618;9_t_1;18_t_2;15.579704284667969
619;9_t_1;19_t_2;15.579704284667969
620;9_t_1;21_t_2;15.579704284667969
621;9_t_1;22_t_2;15.579704284667969
622;9_t_1;25_t_2;15.579704284667969
623;9_t_1;26_t_2;15.579704284667969
624;10_t_1;0_t_2;15.371094703674316
625;10_t_1;1_t_2;14.78490161895752
626;10_t_1;3_t_2;16.04669952392578
627;10_t_1;5_t_2;15.280320167541504
628;10_t_1;7_t_2;15.579704284667969
629;10_t_1;9_t_2;11.965773582458496
630;10_t_1;10_t_2;15.579704284667969
631;10_t_1;14_t_2;15.974553108215332
632;10_t_1;16_t_2;15.579704284667969
633;10_t_1;20_t_2;15.579704284667969
634;10_t_1;21_t_2;15.579704284667969
635;10_t_1;23_t_2;15.579704284667969
636;10_t_1;27_t_2;15.579704284667969
637;10_t_1;29_t_2;15.579704284667969
638;11_t_1;0_t_2;15.371094703674316
639;11_t_1;1_t_2;14.78490161895752
640;11_t_1;4_t_2;15.414306640625
641;11_t_1;5_t_2;15.280320167541504
642;11_t_1;8_t_2;15.579704284667969
643;11_t_1;9_t_2;11.965773582458496
644;11_t_1;11_t_2;15.579704284667969
645;11_t_1;14_t_2;15.974553108215332
646;11_t_1;17_t_2;15.579704284667969
647;11_t_1;20_t_2;15.579704284667969
648;11_t_1;22_t_2;15.579704284667969
649;11_t_1;23_t_2;15.579704284667969
650;11_t_1;27_t_2;15.579704284667969
651;11_t_1;29_t_2;15.579704284667969
652;12_t_1;2_t_2;12.522486686706543
653;12_t_1;3_t_2;16.04669952392578
654;12_t_1;6_t_2;12.37807846069336
655;12_t_1;9_t_2;11.965773582458496
656;12_t_1;12_t_2;15.579704284667969
657;12_t_1;14_t_2;15.974553108215332
658;12_t_1;15_t_2;11.994483947753906
659;12_t_1;18_t_2;15.579704284667969
660;12_t_1;21_t_2;15.579704284667969
661;12_t_1;24_t_2;15.579704284667969
662;12_t_1;25_t_2;15.579704284667969
663;12_t_1;28_t_2;15.579704284667969
664;12_t_1;29_t_2;15.579704284667969
665;12_t_1;30_t_2;15.579704284667969
666;13_t_1;2_t_2;12.522486686706543
667;13_t_1;4_t_2;15.414306640625
668;13_t_1;6_t_2;12.37807846069336
669;13_t_1;9_t_2;11.965773582458496
670;13_t_1;13_t_2;15.579704284667969
671;13_t_1;14_t_2;15.974553108215332
672;13_t_1;15_t_2;11.994483947753906
673;13_t_1;19_t_2;15.579704284667969
674;13_t_1;22_t_2;15.579704284667969
675;13_t_1;24_t_2;15.579704284667969
676;13_t_1;26_t_2;15.579704284667969
677;13_t_1;28_t_2;15.579704284667969
678;13_t_1;29_t_2;15.579704284667969
679;13_t_1;30_t_2;15.579704284667969
680;14_t_1;3_t_2;16.04669952392578
681;14_t_1;4_t_2;15.414306640625
682;14_t_1;7_t_2;15.579704284667969
683;14_t_1;8_t_2;15.579704284667969
684;14_t_1;10_t_2;15.579704284667969
685;14_t_1;11_t_2;15.579704284667969
686;14_t_1;12_t_2;15.579704284667969
687;14_t_1;13_t_2;15.579704284667969
688;14_t_1;14_t_2;15.974553108215332
689;14_t_1;16_t_2;15.579704284667969
690;14_t_1;17_t_2;15.579704284667969
691;14_t_1;20_t_2;15.579704284667969
692;14_t_1;23_t_2;15.579704284667969
693;14_t_1;24_t_2;15.579704284667969
694;14_t_1;27_t_2;15.579704284667969
695;15_t_1;2_t_2;12.522486686706543
696;15_t_1;5_t_2;15.280320167541504
697;15_t_1;6_t_2;12.37807846069336
698;15_t_1;9_t_2;11.965773582458496
699;15_t_1;12_t_2;15.579704284667969
700;15_t_1;13_t_2;15.579704284667969
701;15_t_1;15_t_2;11.994483947753906
702;15_t_1;16_t_2;15.579704284667969
703;15_t_1;17_t_2;15.579704284667969
704;15_t_1;18_t_2;15.579704284667969
705;15_t_1;19_t_2;15.579704284667969
706;15_t_1;21_t_2;15.579704284667969
707;15_t_1;22_t_2;15.579704284667969
708;15_t_1;25_t_2;15.579704284667969
709;15_t_1;26_t_2;15.579704284667969
710;16_t_1;0_t_2;15.371094703674316
711;16_t_1;1_t_2;14.78490161895752
712;16_t_1;3_t_2;16.04669952392578
713;16_t_1;5_t_2;15.280320167541504
714;16_t_1;7_t_2;15.579704284667969
715;16_t_1;10_t_2;15.579704284667969
716;16_t_1;14_t_2;15.974553108215332
717;16_t_1;15_t_2;11.994483947753906
718;16_t_1;16_t_2;15.579704284667969
719;16_t_1;20_t_2;15.579704284667969
720;16_t_1;23_t_2;15.579704284667969
721;16_t_1;25_t_2;15.579704284667969
722;16_t_1;27_t_2;15.579704284667969
723;16_t_1;30_t_2;15.579704284667969
724;17_t_1;0_t_2;15.371094703674316
725;17_t_1;1_t_2;14.78490161895752
726;17_t_1;4_t_2;15.414306640625
727;17_t_1;5_t_2;15.280320167541504
728;17_t_1;8_t_2;15.579704284667969
729;17_t_1;11_t_2;15.579704284667969
730;17_t_1;14_t_2;15.974553108215332
731;17_t_1;15_t_2;11.994483947753906
732;17_t_1;17_t_2;15.579704284667969
733;17_t_1;20_t_2;15.579704284667969
734;17_t_1;23_t_2;15.579704284667969
735;17_t_1;26_t_2;15.579704284667969
736;17_t_1;27_t_2;15.579704284667969
737;17_t_1;30_t_2;15.579704284667969
738;18_t_1;0_t_2;15.371094703674316
739;18_t_1;2_t_2;12.522486686706543
740;18_t_1;6_t_2;12.37807846069336
741;18_t_1;7_t_2;15.579704284667969
742;18_t_1;9_t_2;11.965773582458496
743;18_t_1;12_t_2;15.579704284667969
744;18_t_1;15_t_2;11.994483947753906
745;18_t_1;18_t_2;15.579704284667969
746;18_t_1;20_t_2;15.579704284667969
747;18_t_1;21_t_2;15.579704284667969
748;18_t_1;24_t_2;15.579704284667969
749;18_t_1;25_t_2;15.579704284667969
750;18_t_1;28_t_2;15.579704284667969
751;18_t_1;29_t_2;15.579704284667969
752;18_t_1;30_t_2;15.579704284667969
753;19_t_1;0_t_2;15.371094703674316
754;19_t_1;2_t_2;12.522486686706543
755;19_t_1;6_t_2;12.37807846069336
756;19_t_1;8_t_2;15.579704284667969
757;19_t_1;9_t_2;11.965773582458496
758;19_t_1;13_t_2;15.579704284667969
759;19_t_1;15_t_2;11.994483947753906
760;19_t_1;19_t_2;15.579704284667969
761;19_t_1;20_t_2;15.579704284667969
762;19_t_1;22_t_2;15.579704284667969
763;19_t_1;24_t_2;15.579704284667969
764;19_t_1;26_t_2;15.579704284667969
765;19_t_1;28_t_2;15.579704284667969
766;19_t_1;29_t_2;15.579704284667969
767;19_t_1;30_t_2;15.579704284667969
768;20_t_1;3_t_2;16.04669952392578
769;20_t_1;4_t_2;15.414306640625
770;20_t_1;7_t_2;15.579704284667969
771;20_t_1;8_t_2;15.579704284667969
772;20_t_1;10_t_2;15.579704284667969
773;20_t_1;11_t_2;15.579704284667969
774;20_t_1;14_t_2;15.974553108215332
775;20_t_1;16_t_2;15.579704284667969
776;20_t_1;17_t_2;15.579704284667969
777;20_t_1;18_t_2;15.579704284667969
778;20_t_1;19_t_2;15.579704284667969
779;20_t_1;20_t_2;15.579704284667969
780;20_t_1;23_t_2;15.579704284667969
781;20_t_1;27_t_2;15.579704284667969
782;20_t_1;28_t_2;15.579704284667969
783;21_t_1;1_t_2;14.78490161895752
784;21_t_1;2_t_2;12.522486686706543
785;21_t_1;6_t_2;12.37807846069336
786;21_t_1;9_t_2;11.965773582458496
787;21_t_1;10_t_2;15.579704284667969
788;21_t_1;12_t_2;15.579704284667969
789;21_t_1;15_t_2;11.994483947753906
790;21_t_1;18_t_2;15.579704284667969
791;21_t_1;21_t_2;15.579704284667969
792;21_t_1;23_t_2;15.579704284667969
793;21_t_1;24_t_2;15.579704284667969
794;21_t_1;25_t_2;15.579704284667969
795;21_t_1;28_t_2;15.579704284667969
796;21_t_1;29_t_2;15.579704284667969
797;21_t_1;30_t_2;15.579704284667969
798;22_t_1;1_t_2;14.78490161895752
799;22_t_1;2_t_2;12.522486686706543
800;22_t_1;6_t_2;12.37807846069336
801;22_t_1;9_t_2;11.965773582458496
802;22_t_1;11_t_2;15.579704284667969
803;22_t_1;13_t_2;15.579704284667969
804;22_t_1;15_t_2;11.994483947753906
805;22_t_1;19_t_2;15.579704284667969
806;22_t_1;22_t_2;15.579704284667969
807;22_t_1;23_t_2;15.579704284667969
808;22_t_1;24_t_2;15.579704284667969
809;22_t_1;26_t_2;15.579704284667969
810;22_t_1;28_t_2;15.579704284667969
811;22_t_1;29_t_2;15.579704284667969
812;22_t_1;30_t_2;15.579704284667969
813;23_t_1;3_t_2;16.04669952392578
814;23_t_1;4_t_2;15.414306640625
815;23_t_1;7_t_2;15.579704284667969
816;23_t_1;8_t_2;15.579704284667969
817;23_t_1;10_t_2;15.579704284667969
818;23_t_1;11_t_2;15.579704284667969
819;23_t_1;14_t_2;15.974553108215332
820;23_t_1;16_t_2;15.579704284667969
821;23_t_1;17_t_2;15.579704284667969
822;23_t_1;20_t_2;15.579704284667969
823;23_t_1;21_t_2;15.579704284667969
824;23_t_1;22_t_2;15.579704284667969
825;23_t_1;23_t_2;15.579704284667969
826;23_t_1;27_t_2;15.579704284667969
827;23_t_1;29_t_2;15.579704284667969
828;24_t_1;3_t_2;16.04669952392578
829;24_t_1;4_t_2;15.414306640625
830;24_t_1;12_t_2;15.579704284667969
831;24_t_1;13_t_2;15.579704284667969
832;24_t_1;14_t_2;15.974553108215332
833;24_t_1;18_t_2;15.579704284667969
834;24_t_1;19_t_2;15.579704284667969
835;24_t_1;21_t_2;15.579704284667969
836;24_t_1;22_t_2;15.579704284667969
837;24_t_1;24_t_2;15.579704284667969
838;24_t_1;25_t_2;15.579704284667969
839;24_t_1;26_t_2;15.579704284667969
840;24_t_1;28_t_2;15.579704284667969
841;24_t_1;29_t_2;15.579704284667969
842;24_t_1;30_t_2;15.579704284667969
843;25_t_1;2_t_2;12.522486686706543
844;25_t_1;5_t_2;15.280320167541504
845;25_t_1;6_t_2;12.37807846069336
846;25_t_1;9_t_2;11.965773582458496
847;25_t_1;12_t_2;15.579704284667969
848;25_t_1;15_t_2;11.994483947753906
849;25_t_1;16_t_2;15.579704284667969
850;25_t_1;18_t_2;15.579704284667969
851;25_t_1;21_t_2;15.579704284667969
852;25_t_1;24_t_2;15.579704284667969
853;25_t_1;25_t_2;15.579704284667969
854;25_t_1;27_t_2;15.579704284667969
855;25_t_1;28_t_2;15.579704284667969
856;25_t_1;29_t_2;15.579704284667969
857;25_t_1;30_t_2;15.579704284667969
858;26_t_1;2_t_2;12.522486686706543
859;26_t_1;5_t_2;15.280320167541504
860;26_t_1;6_t_2;12.37807846069336
861;26_t_1;9_t_2;11.965773582458496
862;26_t_1;13_t_2;15.579704284667969
863;26_t_1;15_t_2;11.994483947753906
864;26_t_1;17_t_2;15.579704284667969
865;26_t_1;19_t_2;15.579704284667969
866;26_t_1;22_t_2;15.579704284667969
867;26_t_1;24_t_2;15.579704284667969
868;26_t_1;26_t_2;15.579704284667969
869;26_t_1;27_t_2;15.579704284667969
870;26_t_1;28_t_2;15.579704284667969
871;26_t_1;29_t_2;15.579704284667969
872;26_t_1;30_t_2;15.579704284667969
873;27_t_1;3_t_2;16.04669952392578
874;27_t_1;4_t_2;15.414306640625
875;27_t_1;7_t_2;15.579704284667969
876;27_t_1;8_t_2;15.579704284667969
877;27_t_1;10_t_2;15.579704284667969
878;27_t_1;11_t_2;15.579704284667969
879;27_t_1;14_t_2;15.974553108215332
880;27_t_1;16_t_2;15.579704284667969
881;27_t_1;17_t_2;15.579704284667969
882;27_t_1;20_t_2;15.579704284667969
883;27_t_1;23_t_2;15.579704284667969
884;27_t_1;25_t_2;15.579704284667969
885;27_t_1;26_t_2;15.579704284667969
886;27_t_1;27_t_2;15.579704284667969
887;27_t_1;30_t_2;15.579704284667969
888;28_t_1;7_t_2;15.579704284667969
889;28_t_1;8_t_2;15.579704284667969
890;28_t_1;12_t_2;15.579704284667969
891;28_t_1;13_t_2;15.579704284667969
892;28_t_1;18_t_2;15.579704284667969
893;28_t_1;19_t_2;15.579704284667969
894;28_t_1;20_t_2;15.579704284667969
895;28_t_1;21_t_2;15.579704284667969
896;28_t_1;22_t_2;15.579704284667969
897;28_t_1;24_t_2;15.579704284667969
898;28_t_1;25_t_2;15.579704284667969
899;28_t_1;26_t_2;15.579704284667969
900;28_t_1;28_t_2;15.579704284667969
901;28_t_1;29_t_2;15.579704284667969
902;28_t_1;30_t_2;15.579704284667969
903;29_t_1;10_t_2;15.579704284667969
904;29_t_1;11_t_2;15.579704284667969
905;29_t_1;12_t_2;15.579704284667969
906;29_t_1;13_t_2;15.579704284667969
907;29_t_1;18_t_2;15.579704284667969
908;29_t_1;19_t_2;15.579704284667969
909;29_t_1;21_t_2;15.579704284667969
910;29_t_1;22_t_2;15.579704284667969
911;29_t_1;23_t_2;15.579704284667969
912;29_t_1;24_t_2;15.579704284667969
913;29_t_1;25_t_2;15.579704284667969
914;29_t_1;26_t_2;15.579704284667969
915;29_t_1;28_t_2;15.579704284667969
916;29_t_1;29_t_2;15.579704284667969
917;29_t_1;30_t_2;15.579704284667969
918;30_t_1;12_t_2;15.579704284667969
919;30_t_1;13_t_2;15.579704284667969
920;30_t_1;16_t_2;15.579704284667969
921;30_t_1;17_t_2;15.579704284667969
922;30_t_1;18_t_2;15.579704284667969
923;30_t_1;19_t_2;15.579704284667969
924;30_t_1;21_t_2;15.579704284667969
925;30_t_1;22_t_2;15.579704284667969
926;30_t_1;24_t_2;15.579704284667969
927;30_t_1;25_t_2;15.579704284667969
928;30_t_1;26_t_2;15.579704284667969
929;30_t_1;27_t_2;15.579704284667969
930;30_t_1;28_t_2;15.579704284667969
931;30_t_1;29_t_2;15.579704284667969
932;30_t_1;30_t_2;15.579704284667969
933;0_t_2;0_t_3;15.391274452209473
934;0_t_2;1_t_3;14.81955623626709
935;0_t_2;3_t_3;16.07664680480957
936;0_t_2;4_t_3;15.411487579345703
937;0_t_2;5_t_3;15.307783126831055
938;0_t_2;6_t_3;12.397086143493652
939;0_t_2;7_t_3;15.604174613952637
940;0_t_2;8_t_3;15.604174613952637
941;0_t_2;10_t_3;15.604174613952637
942;0_t_2;11_t_3;15.604174613952637
943;0_t_2;16_t_3;15.604174613952637
944;0_t_2;17_t_3;15.604174613952637
945;0_t_2;18_t_3;15.604174613952637
946;0_t_2;19_t_3;15.604174613952637
947;1_t_2;0_t_3;15.391274452209473
948;1_t_2;1_t_3;14.81955623626709
949;1_t_2;3_t_3;16.07664680480957
950;1_t_2;4_t_3;15.411487579345703
951;1_t_2;5_t_3;15.307783126831055
952;1_t_2;7_t_3;15.604174613952637
953;1_t_2;8_t_3;15.604174613952637
954;1_t_2;9_t_3;11.988299369812012
955;1_t_2;10_t_3;15.604174613952637
956;1_t_2;11_t_3;15.604174613952637
957;1_t_2;16_t_3;15.604174613952637
958;1_t_2;17_t_3;15.604174613952637
959;1_t_2;21_t_3;15.604174613952637
960;1_t_2;22_t_3;15.604174613952637
961;2_t_2;2_t_3;12.546533584594727
962;2_t_2;3_t_3;16.07664680480957
963;2_t_2;4_t_3;15.411487579345703
964;2_t_2;6_t_3;12.397086143493652
965;2_t_2;9_t_3;11.988299369812012
966;2_t_2;12_t_3;15.604174613952637
967;2_t_2;13_t_3;15.604174613952637
968;2_t_2;15_t_3;12.02344799041748
969;2_t_2;18_t_3;15.604174613952637
970;2_t_2;19_t_3;15.604174613952637
971;2_t_2;21_t_3;15.604174613952637
972;2_t_2;22_t_3;15.604174613952637
973;2_t_2;25_t_3;15.604174613952637
974;2_t_2;26_t_3;15.604174613952637
975;3_t_2;0_t_3;15.391274452209473
976;3_t_2;1_t_3;14.81955623626709
977;3_t_2;2_t_3;12.546533584594727
978;3_t_2;3_t_3;16.07664680480957
979;3_t_2;5_t_3;15.307783126831055
980;3_t_2;7_t_3;15.604174613952637
981;3_t_2;10_t_3;15.604174613952637
982;3_t_2;12_t_3;15.604174613952637
983;3_t_2;14_t_3;15.97610092163086
984;3_t_2;16_t_3;15.604174613952637
985;3_t_2;20_t_3;15.604174613952637
986;3_t_2;23_t_3;15.604174613952637
987;3_t_2;24_t_3;15.604174613952637
988;3_t_2;27_t_3;15.604174613952637
989;4_t_2;0_t_3;15.391274452209473
990;4_t_2;1_t_3;14.81955623626709
991;4_t_2;2_t_3;12.546533584594727
992;4_t_2;4_t_3;15.411487579345703
993;4_t_2;5_t_3;15.307783126831055
994;4_t_2;8_t_3;15.604174613952637
995;4_t_2;11_t_3;15.604174613952637
996;4_t_2;13_t_3;15.604174613952637
997;4_t_2;14_t_3;15.97610092163086
998;4_t_2;17_t_3;15.604174613952637
999;4_t_2;20_t_3;15.604174613952637
1000;4_t_2;23_t_3;15.604174613952637
1001;4_t_2;24_t_3;15.604174613952637
1002;4_t_2;27_t_3;15.604174613952637
1003;5_t_2;0_t_3;15.391274452209473
1004;5_t_2;1_t_3;14.81955623626709
1005;5_t_2;3_t_3;16.07664680480957
1006;5_t_2;4_t_3;15.411487579345703
1007;5_t_2;5_t_3;15.307783126831055
1008;5_t_2;7_t_3;15.604174613952637
1009;5_t_2;8_t_3;15.604174613952637
1010;5_t_2;10_t_3;15.604174613952637
1011;5_t_2;11_t_3;15.604174613952637
1012;5_t_2;15_t_3;12.02344799041748
1013;5_t_2;16_t_3;15.604174613952637
1014;5_t_2;17_t_3;15.604174613952637
1015;5_t_2;25_t_3;15.604174613952637
1016;5_t_2;26_t_3;15.604174613952637
1017;6_t_2;0_t_3;15.391274452209473
1018;6_t_2;2_t_3;12.546533584594727
1019;6_t_2;6_t_3;12.397086143493652
1020;6_t_2;7_t_3;15.604174613952637
1021;6_t_2;8_t_3;15.604174613952637
1022;6_t_2;9_t_3;11.988299369812012
1023;6_t_2;12_t_3;15.604174613952637
1024;6_t_2;13_t_3;15.604174613952637
1025;6_t_2;15_t_3;12.02344799041748
1026;6_t_2;18_t_3;15.604174613952637
1027;6_t_2;19_t_3;15.604174613952637
1028;6_t_2;21_t_3;15.604174613952637
1029;6_t_2;22_t_3;15.604174613952637
1030;6_t_2;25_t_3;15.604174613952637
1031;6_t_2;26_t_3;15.604174613952637
1032;7_t_2;0_t_3;15.391274452209473
1033;7_t_2;1_t_3;14.81955623626709
1034;7_t_2;3_t_3;16.07664680480957
1035;7_t_2;5_t_3;15.307783126831055
1036;7_t_2;6_t_3;12.397086143493652
1037;7_t_2;7_t_3;15.604174613952637
1038;7_t_2;10_t_3;15.604174613952637
1039;7_t_2;14_t_3;15.97610092163086
1040;7_t_2;16_t_3;15.604174613952637
1041;7_t_2;18_t_3;15.604174613952637
1042;7_t_2;20_t_3;15.604174613952637
1043;7_t_2;23_t_3;15.604174613952637
1044;7_t_2;27_t_3;15.604174613952637
1045;7_t_2;28_t_3;15.604174613952637
1046;8_t_2;0_t_3;15.391274452209473
1047;8_t_2;1_t_3;14.81955623626709
1048;8_t_2;4_t_3;15.411487579345703
1049;8_t_2;5_t_3;15.307783126831055
1050;8_t_2;6_t_3;12.397086143493652
1051;8_t_2;8_t_3;15.604174613952637
1052;8_t_2;11_t_3;15.604174613952637
1053;8_t_2;14_t_3;15.97610092163086
1054;8_t_2;17_t_3;15.604174613952637
1055;8_t_2;19_t_3;15.604174613952637
1056;8_t_2;20_t_3;15.604174613952637
1057;8_t_2;23_t_3;15.604174613952637
1058;8_t_2;27_t_3;15.604174613952637
1059;8_t_2;28_t_3;15.604174613952637
1060;9_t_2;1_t_3;14.81955623626709
1061;9_t_2;2_t_3;12.546533584594727
1062;9_t_2;6_t_3;12.397086143493652
1063;9_t_2;9_t_3;11.988299369812012
1064;9_t_2;10_t_3;15.604174613952637
1065;9_t_2;11_t_3;15.604174613952637
1066;9_t_2;12_t_3;15.604174613952637
1067;9_t_2;13_t_3;15.604174613952637
1068;9_t_2;15_t_3;12.02344799041748
1069;9_t_2;18_t_3;15.604174613952637
1070;9_t_2;19_t_3;15.604174613952637
1071;9_t_2;21_t_3;15.604174613952637
1072;9_t_2;22_t_3;15.604174613952637
1073;9_t_2;25_t_3;15.604174613952637
1074;9_t_2;26_t_3;15.604174613952637
1075;10_t_2;0_t_3;15.391274452209473
1076;10_t_2;1_t_3;14.81955623626709
1077;10_t_2;3_t_3;16.07664680480957
1078;10_t_2;5_t_3;15.307783126831055
1079;10_t_2;7_t_3;15.604174613952637
1080;10_t_2;9_t_3;11.988299369812012
1081;10_t_2;10_t_3;15.604174613952637
1082;10_t_2;14_t_3;15.97610092163086
1083;10_t_2;16_t_3;15.604174613952637
1084;10_t_2;20_t_3;15.604174613952637
1085;10_t_2;21_t_3;15.604174613952637
1086;10_t_2;23_t_3;15.604174613952637
1087;10_t_2;27_t_3;15.604174613952637
1088;10_t_2;29_t_3;15.604174613952637
1089;11_t_2;0_t_3;15.391274452209473
1090;11_t_2;1_t_3;14.81955623626709
1091;11_t_2;4_t_3;15.411487579345703
1092;11_t_2;5_t_3;15.307783126831055
1093;11_t_2;8_t_3;15.604174613952637
1094;11_t_2;9_t_3;11.988299369812012
1095;11_t_2;11_t_3;15.604174613952637
1096;11_t_2;14_t_3;15.97610092163086
1097;11_t_2;17_t_3;15.604174613952637
1098;11_t_2;20_t_3;15.604174613952637
1099;11_t_2;22_t_3;15.604174613952637
1100;11_t_2;23_t_3;15.604174613952637
1101;11_t_2;27_t_3;15.604174613952637
1102;11_t_2;29_t_3;15.604174613952637
1103;12_t_2;2_t_3;12.546533584594727
1104;12_t_2;3_t_3;16.07664680480957
1105;12_t_2;6_t_3;12.397086143493652
1106;12_t_2;9_t_3;11.988299369812012
1107;12_t_2;12_t_3;15.604174613952637
1108;12_t_2;14_t_3;15.97610092163086
1109;12_t_2;15_t_3;12.02344799041748
1110;12_t_2;18_t_3;15.604174613952637
1111;12_t_2;21_t_3;15.604174613952637
1112;12_t_2;24_t_3;15.604174613952637
1113;12_t_2;25_t_3;15.604174613952637
1114;12_t_2;28_t_3;15.604174613952637
1115;12_t_2;29_t_3;15.604174613952637
1116;12_t_2;30_t_3;15.604174613952637
1117;13_t_2;2_t_3;12.546533584594727
1118;13_t_2;4_t_3;15.411487579345703
1119;13_t_2;6_t_3;12.397086143493652
1120;13_t_2;9_t_3;11.988299369812012
1121;13_t_2;13_t_3;15.604174613952637
1122;13_t_2;14_t_3;15.97610092163086
1123;13_t_2;15_t_3;12.02344799041748
1124;13_t_2;19_t_3;15.604174613952637
1125;13_t_2;22_t_3;15.604174613952637
1126;13_t_2;24_t_3;15.604174613952637
1127;13_t_2;26_t_3;15.604174613952637
1128;13_t_2;28_t_3;15.604174613952637
1129;13_t_2;29_t_3;15.604174613952637
1130;13_t_2;30_t_3;15.604174613952637
1131;14_t_2;3_t_3;16.07664680480957
1132;14_t_2;4_t_3;15.411487579345703
1133;14_t_2;7_t_3;15.604174613952637
1134;14_t_2;8_t_3;15.604174613952637
1135;14_t_2;10_t_3;15.604174613952637
1136;14_t_2;11_t_3;15.604174613952637
1137;14_t_2;12_t_3;15.604174613952637
1138;14_t_2;13_t_3;15.604174613952637
1139;14_t_2;14_t_3;15.97610092163086
1140;14_t_2;16_t_3;15.604174613952637
1141;14_t_2;17_t_3;15.604174613952637
1142;14_t_2;20_t_3;15.604174613952637
1143;14_t_2;23_t_3;15.604174613952637
1144;14_t_2;24_t_3;15.604174613952637
1145;14_t_2;27_t_3;15.604174613952637
1146;15_t_2;2_t_3;12.546533584594727
1147;15_t_2;5_t_3;15.307783126831055
1148;15_t_2;6_t_3;12.397086143493652
1149;15_t_2;9_t_3;11.988299369812012
1150;15_t_2;12_t_3;15.604174613952637
1151;15_t_2;13_t_3;15.604174613952637
1152;15_t_2;15_t_3;12.02344799041748
1153;15_t_2;16_t_3;15.604174613952637
1154;15_t_2;17_t_3;15.604174613952637
1155;15_t_2;18_t_3;15.604174613952637
1156;15_t_2;19_t_3;15.604174613952637
1157;15_t_2;21_t_3;15.604174613952637
1158;15_t_2;22_t_3;15.604174613952637
1159;15_t_2;25_t_3;15.604174613952637
1160;15_t_2;26_t_3;15.604174613952637
1161;16_t_2;0_t_3;15.391274452209473
1162;16_t_2;1_t_3;14.81955623626709
1163;16_t_2;3_t_3;16.07664680480957
1164;16_t_2;5_t_3;15.307783126831055
1165;16_t_2;7_t_3;15.604174613952637
1166;16_t_2;10_t_3;15.604174613952637
1167;16_t_2;14_t_3;15.97610092163086
1168;16_t_2;15_t_3;12.02344799041748
1169;16_t_2;16_t_3;15.604174613952637
1170;16_t_2;20_t_3;15.604174613952637
1171;16_t_2;23_t_3;15.604174613952637
1172;16_t_2;25_t_3;15.604174613952637
1173;16_t_2;27_t_3;15.604174613952637
1174;16_t_2;30_t_3;15.604174613952637
1175;17_t_2;0_t_3;15.391274452209473
1176;17_t_2;1_t_3;14.81955623626709
1177;17_t_2;4_t_3;15.411487579345703
1178;17_t_2;5_t_3;15.307783126831055
1179;17_t_2;8_t_3;15.604174613952637
1180;17_t_2;11_t_3;15.604174613952637
1181;17_t_2;14_t_3;15.97610092163086
1182;17_t_2;15_t_3;12.02344799041748
1183;17_t_2;17_t_3;15.604174613952637
1184;17_t_2;20_t_3;15.604174613952637
1185;17_t_2;23_t_3;15.604174613952637
1186;17_t_2;26_t_3;15.604174613952637
1187;17_t_2;27_t_3;15.604174613952637
1188;17_t_2;30_t_3;15.604174613952637
1189;18_t_2;0_t_3;15.391274452209473
1190;18_t_2;2_t_3;12.546533584594727
1191;18_t_2;6_t_3;12.397086143493652
1192;18_t_2;7_t_3;15.604174613952637
1193;18_t_2;9_t_3;11.988299369812012
1194;18_t_2;12_t_3;15.604174613952637
1195;18_t_2;15_t_3;12.02344799041748
1196;18_t_2;18_t_3;15.604174613952637
1197;18_t_2;20_t_3;15.604174613952637
1198;18_t_2;21_t_3;15.604174613952637
1199;18_t_2;24_t_3;15.604174613952637
1200;18_t_2;25_t_3;15.604174613952637
1201;18_t_2;28_t_3;15.604174613952637
1202;18_t_2;29_t_3;15.604174613952637
1203;18_t_2;30_t_3;15.604174613952637
1204;19_t_2;0_t_3;15.391274452209473
1205;19_t_2;2_t_3;12.546533584594727
1206;19_t_2;6_t_3;12.397086143493652
1207;19_t_2;8_t_3;15.604174613952637
1208;19_t_2;9_t_3;11.988299369812012
1209;19_t_2;13_t_3;15.604174613952637
1210;19_t_2;15_t_3;12.02344799041748
1211;19_t_2;19_t_3;15.604174613952637
1212;19_t_2;20_t_3;15.604174613952637
1213;19_t_2;22_t_3;15.604174613952637
1214;19_t_2;24_t_3;15.604174613952637
1215;19_t_2;26_t_3;15.604174613952637
1216;19_t_2;28_t_3;15.604174613952637
1217;19_t_2;29_t_3;15.604174613952637
1218;19_t_2;30_t_3;15.604174613952637
1219;20_t_2;3_t_3;16.07664680480957
1220;20_t_2;4_t_3;15.411487579345703
1221;20_t_2;7_t_3;15.604174613952637
1222;20_t_2;8_t_3;15.604174613952637
1223;20_t_2;10_t_3;15.604174613952637
1224;20_t_2;11_t_3;15.604174613952637
1225;20_t_2;14_t_3;15.97610092163086
1226;20_t_2;16_t_3;15.604174613952637
1227;20_t_2;17_t_3;15.604174613952637
1228;20_t_2;18_t_3;15.604174613952637
1229;20_t_2;19_t_3;15.604174613952637
1230;20_t_2;20_t_3;15.604174613952637
1231;20_t_2;23_t_3;15.604174613952637
1232;20_t_2;27_t_3;15.604174613952637
1233;20_t_2;28_t_3;15.604174613952637
1234;21_t_2;1_t_3;14.81955623626709
1235;21_t_2;2_t_3;12.546533584594727
1236;21_t_2;6_t_3;12.397086143493652
1237;21_t_2;9_t_3;11.988299369812012
1238;21_t_2;10_t_3;15.604174613952637
1239;21_t_2;12_t_3;15.604174613952637
1240;21_t_2;15_t_3;12.02344799041748
1241;21_t_2;18_t_3;15.604174613952637
1242;21_t_2;21_t_3;15.604174613952637
1243;21_t_2;23_t_3;15.604174613952637
1244;21_t_2;24_t_3;15.604174613952637
1245;21_t_2;25_t_3;15.604174613952637
1246;21_t_2;28_t_3;15.604174613952637
1247;21_t_2;29_t_3;15.604174613952637
1248;21_t_2;30_t_3;15.604174613952637
1249;22_t_2;1_t_3;14.81955623626709
1250;22_t_2;2_t_3;12.546533584594727
1251;22_t_2;6_t_3;12.397086143493652
1252;22_t_2;9_t_3;11.988299369812012
1253;22_t_2;11_t_3;15.604174613952637
1254;22_t_2;13_t_3;15.604174613952637
1255;22_t_2;15_t_3;12.02344799041748
1256;22_t_2;19_t_3;15.604174613952637
1257;22_t_2;22_t_3;15.604174613952637
1258;22_t_2;23_t_3;15.604174613952637
1259;22_t_2;24_t_3;15.604174613952637
1260;22_t_2;26_t_3;15.604174613952637
1261;22_t_2;28_t_3;15.604174613952637
1262;22_t_2;29_t_3;15.604174613952637
1263;22_t_2;30_t_3;15.604174613952637
1264;23_t_2;3_t_3;16.07664680480957
1265;23_t_2;4_t_3;15.411487579345703
1266;23_t_2;7_t_3;15.604174613952637
1267;23_t_2;8_t_3;15.604174613952637
1268;23_t_2;10_t_3;15.604174613952637
1269;23_t_2;11_t_3;15.604174613952637
1270;23_t_2;14_t_3;15.97610092163086
1271;23_t_2;16_t_3;15.604174613952637
1272;23_t_2;17_t_3;15.604174613952637
1273;23_t_2;20_t_3;15.604174613952637
1274;23_t_2;21_t_3;15.604174613952637
1275;23_t_2;22_t_3;15.604174613952637
1276;23_t_2;23_t_3;15.604174613952637
1277;23_t_2;27_t_3;15.604174613952637
1278;23_t_2;29_t_3;15.604174613952637
1279;24_t_2;3_t_3;16.07664680480957
1280;24_t_2;4_t_3;15.411487579345703
1281;24_t_2;12_t_3;15.604174613952637
1282;24_t_2;13_t_3;15.604174613952637
1283;24_t_2;14_t_3;15.97610092163086
1284;24_t_2;18_t_3;15.604174613952637
1285;24_t_2;19_t_3;15.604174613952637
1286;24_t_2;21_t_3;15.604174613952637
1287;24_t_2;22_t_3;15.604174613952637
1288;24_t_2;24_t_3;15.604174613952637
1289;24_t_2;25_t_3;15.604174613952637
1290;24_t_2;26_t_3;15.604174613952637
1291;24_t_2;28_t_3;15.604174613952637
1292;24_t_2;29_t_3;15.604174613952637
1293;24_t_2;30_t_3;15.604174613952637
1294;25_t_2;2_t_3;12.546533584594727
1295;25_t_2;5_t_3;15.307783126831055
1296;25_t_2;6_t_3;12.397086143493652
1297;25_t_2;9_t_3;11.988299369812012
1298;25_t_2;12_t_3;15.604174613952637
1299;25_t_2;15_t_3;12.02344799041748
1300;25_t_2;16_t_3;15.604174613952637
1301;25_t_2;18_t_3;15.604174613952637
1302;25_t_2;21_t_3;15.604174613952637
1303;25_t_2;24_t_3;15.604174613952637
1304;25_t_2;25_t_3;15.604174613952637
1305;25_t_2;27_t_3;15.604174613952637
1306;25_t_2;28_t_3;15.604174613952637
1307;25_t_2;29_t_3;15.604174613952637
1308;25_t_2;30_t_3;15.604174613952637
1309;26_t_2;2_t_3;12.546533584594727
1310;26_t_2;5_t_3;15.307783126831055
1311;26_t_2;6_t_3;12.397086143493652
1312;26_t_2;9_t_3;11.988299369812012
1313;26_t_2;13_t_3;15.604174613952637
1314;26_t_2;15_t_3;12.02344799041748
1315;26_t_2;17_t_3;15.604174613952637
1316;26_t_2;19_t_3;15.604174613952637
1317;26_t_2;22_t_3;15.604174613952637
1318;26_t_2;24_t_3;15.604174613952637
1319;26_t_2;26_t_3;15.604174613952637
1320;26_t_2;27_t_3;15.604174613952637
1321;26_t_2;28_t_3;15.604174613952637
1322;26_t_2;29_t_3;15.604174613952637
1323;26_t_2;30_t_3;15.604174613952637
1324;27_t_2;3_t_3;16.07664680480957
1325;27_t_2;4_t_3;15.411487579345703
1326;27_t_2;7_t_3;15.604174613952637
1327;27_t_2;8_t_3;15.604174613952637
1328;27_t_2;10_t_3;15.604174613952637
1329;27_t_2;11_t_3;15.604174613952637
1330;27_t_2;14_t_3;15.97610092163086
1331;27_t_2;16_t_3;15.604174613952637
1332;27_t_2;17_t_3;15.604174613952637
1333;27_t_2;20_t_3;15.604174613952637
1334;27_t_2;23_t_3;15.604174613952637
1335;27_t_2;25_t_3;15.604174613952637
1336;27_t_2;26_t_3;15.604174613952637
1337;27_t_2;27_t_3;15.604174613952637
1338;27_t_2;30_t_3;15.604174613952637
1339;28_t_2;7_t_3;15.604174613952637
1340;28_t_2;8_t_3;15.604174613952637
1341;28_t_2;12_t_3;15.604174613952637
1342;28_t_2;13_t_3;15.604174613952637
1343;28_t_2;18_t_3;15.604174613952637
1344;28_t_2;19_t_3;15.604174613952637
1345;28_t_2;20_t_3;15.604174613952637
1346;28_t_2;21_t_3;15.604174613952637
1347;28_t_2;22_t_3;15.604174613952637
1348;28_t_2;24_t_3;15.604174613952637
1349;28_t_2;25_t_3;15.604174613952637
1350;28_t_2;26_t_3;15.604174613952637
1351;28_t_2;28_t_3;15.604174613952637
1352;28_t_2;29_t_3;15.604174613952637
1353;28_t_2;30_t_3;15.604174613952637
1354;29_t_2;10_t_3;15.604174613952637
1355;29_t_2;11_t_3;15.604174613952637
1356;29_t_2;12_t_3;15.604174613952637
1357;29_t_2;13_t_3;15.604174613952637
1358;29_t_2;18_t_3;15.604174613952637
1359;29_t_2;19_t_3;15.604174613952637
1360;29_t_2;21_t_3;15.604174613952637
1361;29_t_2;22_t_3;15.604174613952637
1362;29_t_2;23_t_3;15.604174613952637
1363;29_t_2;24_t_3;15.604174613952637
1364;29_t_2;25_t_3;15.604174613952637
1365;29_t_2;26_t_3;15.604174613952637
1366;29_t_2;28_t_3;15.604174613952637
1367;29_t_2;29_t_3;15.604174613952637
1368;29_t_2;30_t_3;15.604174613952637
1369;30_t_2;12_t_3;15.604174613952637
1370;30_t_2;13_t_3;15.604174613952637
1371;30_t_2;16_t_3;15.604174613952637
1372;30_t_2;17_t_3;15.604174613952637
1373;30_t_2;18_t_3;15.604174613952637
1374;30_t_2;19_t_3;15.604174613952637
1375;30_t_2;21_t_3;15.604174613952637
1376;30_t_2;22_t_3;15.604174613952637
1377;30_t_2;24_t_3;15.604174613952637
1378;30_t_2;25_t_3;15.604174613952637
1379;30_t_2;26_t_3;15.604174613952637
1380;30_t_2;27_t_3;15.604174613952637
1381;30_t_2;28_t_3;15.604174613952637
1382;30_t_2;29_t_3;15.604174613952637
1383;30_t_2;30_t_3;15.604174613952637
1384;0_t_3;0_t_4;15.443553924560547
1385;0_t_3;1_t_4;14.879201889038086
1386;0_t_3;3_t_4;16.112060546875
1387;0_t_3;4_t_4;15.462059020996094
1388;0_t_3;5_t_4;15.350223541259766
1389;0_t_3;6_t_4;12.458057403564453
1390;0_t_3;7_t_4;15.643924713134766
1391;0_t_3;8_t_4;15.643924713134766
1392;0_t_3;10_t_4;15.643924713134766
1393;0_t_3;11_t_4;15.643924713134766
1394;0_t_3;16_t_4;15.643924713134766
1395;0_t_3;17_t_4;15.643924713134766
1396;0_t_3;18_t_4;15.643924713134766
1397;0_t_3;19_t_4;15.643924713134766
1398;1_t_3;0_t_4;15.443553924560547
1399;1_t_3;1_t_4;14.879201889038086
1400;1_t_3;3_t_4;16.112060546875
1401;1_t_3;4_t_4;15.462059020996094
1402;1_t_3;5_t_4;15.350223541259766
1403;1_t_3;7_t_4;15.643924713134766
1404;1_t_3;8_t_4;15.643924713134766
1405;1_t_3;9_t_4;12.06054973602295
1406;1_t_3;10_t_4;15.643924713134766
1407;1_t_3;11_t_4;15.643924713134766
1408;1_t_3;16_t_4;15.643924713134766
1409;1_t_3;17_t_4;15.643924713134766
1410;1_t_3;21_t_4;15.643924713134766
1411;1_t_3;22_t_4;15.643924713134766
1412;2_t_3;2_t_4;12.596797943115234
1413;2_t_3;3_t_4;16.112060546875
1414;2_t_3;4_t_4;15.462059020996094
1415;2_t_3;6_t_4;12.458057403564453
1416;2_t_3;9_t_4;12.06054973602295
1417;2_t_3;12_t_4;15.643924713134766
1418;2_t_3;13_t_4;15.643924713134766
1419;2_t_3;15_t_4;12.08311653137207
1420;2_t_3;18_t_4;15.643924713134766
1421;2_t_3;19_t_4;15.643924713134766
1422;2_t_3;21_t_4;15.643924713134766
1423;2_t_3;22_t_4;15.643924713134766
1424;2_t_3;25_t_4;15.643924713134766
1425;2_t_3;26_t_4;15.643924713134766
1426;3_t_3;0_t_4;15.443553924560547
1427;3_t_3;1_t_4;14.879201889038086
1428;3_t_3;2_t_4;12.596797943115234
1429;3_t_3;3_t_4;16.112060546875
1430;3_t_3;5_t_4;15.350223541259766
1431;3_t_3;7_t_4;15.643924713134766
1432;3_t_3;10_t_4;15.643924713134766
1433;3_t_3;12_t_4;15.643924713134766
1434;3_t_3;14_t_4;16.021900177001953
1435;3_t_3;16_t_4;15.643924713134766
1436;3_t_3;20_t_4;15.643924713134766
1437;3_t_3;23_t_4;15.643924713134766
1438;3_t_3;24_t_4;15.643924713134766
1439;3_t_3;27_t_4;15.643924713134766
1440;4_t_3;0_t_4;15.443553924560547
1441;4_t_3;1_t_4;14.879201889038086
1442;4_t_3;2_t_4;12.596797943115234
1443;4_t_3;4_t_4;15.462059020996094
1444;4_t_3;5_t_4;15.350223541259766
1445;4_t_3;8_t_4;15.643924713134766
1446;4_t_3;11_t_4;15.643924713134766
1447;4_t_3;13_t_4;15.643924713134766
1448;4_t_3;14_t_4;16.021900177001953
1449;4_t_3;17_t_4;15.643924713134766
1450;4_t_3;20_t_4;15.643924713134766
1451;4_t_3;23_t_4;15.643924713134766
1452;4_t_3;24_t_4;15.643924713134766
1453;4_t_3;27_t_4;15.643924713134766
1454;5_t_3;0_t_4;15.443553924560547
1455;5_t_3;1_t_4;14.879201889038086
1456;5_t_3;3_t_4;16.112060546875
1457;5_t_3;4_t_4;15.462059020996094
1458;5_t_3;5_t_4;15.350223541259766
1459;5_t_3;7_t_4;15.643924713134766
1460;5_t_3;8_t_4;15.643924713134766
1461;5_t_3;10_t_4;15.643924713134766
1462;5_t_3;11_t_4;15.643924713134766
1463;5_t_3;15_t_4;12.08311653137207
1464;5_t_3;16_t_4;15.643924713134766
1465;5_t_3;17_t_4;15.643924713134766
1466;5_t_3;25_t_4;15.643924713134766
1467;5_t_3;26_t_4;15.643924713134766
1468;6_t_3;0_t_4;15.443553924560547
1469;6_t_3;2_t_4;12.596797943115234
1470;6_t_3;6_t_4;12.458057403564453
1471;6_t_3;7_t_4;15.643924713134766
1472;6_t_3;8_t_4;15.643924713134766
1473;6_t_3;9_t_4;12.06054973602295
1474;6_t_3;12_t_4;15.643924713134766
1475;6_t_3;13_t_4;15.643924713134766
1476;6_t_3;15_t_4;12.08311653137207
1477;6_t_3;18_t_4;15.643924713134766
1478;6_t_3;19_t_4;15.643924713134766
1479;6_t_3;21_t_4;15.643924713134766
1480;6_t_3;22_t_4;15.643924713134766
1481;6_t_3;25_t_4;15.643924713134766
1482;6_t_3;26_t_4;15.643924713134766
1483;7_t_3;0_t_4;15.443553924560547
1484;7_t_3;1_t_4;14.879201889038086
1485;7_t_3;3_t_4;16.112060546875
1486;7_t_3;5_t_4;15.350223541259766
1487;7_t_3;6_t_4;12.458057403564453
1488;7_t_3;7_t_4;15.643924713134766
1489;7_t_3;10_t_4;15.643924713134766
1490;7_t_3;14_t_4;16.021900177001953
1491;7_t_3;16_t_4;15.643924713134766
1492;7_t_3;18_t_4;15.643924713134766
1493;7_t_3;20_t_4;15.643924713134766
1494;7_t_3;23_t_4;15.643924713134766
1495;7_t_3;27_t_4;15.643924713134766
1496;7_t_3;28_t_4;15.643924713134766
1497;8_t_3;0_t_4;15.443553924560547
1498;8_t_3;1_t_4;14.879201889038086
1499;8_t_3;4_t_4;15.462059020996094
1500;8_t_3;5_t_4;15.350223541259766
1501;8_t_3;6_t_4;12.458057403564453
1502;8_t_3;8_t_4;15.643924713134766
1503;8_t_3;11_t_4;15.643924713134766
1504;8_t_3;14_t_4;16.021900177001953
1505;8_t_3;17_t_4;15.643924713134766
1506;8_t_3;19_t_4;15.643924713134766
1507;8_t_3;20_t_4;15.643924713134766
1508;8_t_3;23_t_4;15.643924713134766
1509;8_t_3;27_t_4;15.643924713134766
1510;8_t_3;28_t_4;15.643924713134766
1511;9_t_3;1_t_4;14.879201889038086
1512;9_t_3;2_t_4;12.596797943115234
1513;9_t_3;6_t_4;12.458057403564453
1514;9_t_3;9_t_4;12.06054973602295
1515;9_t_3;10_t_4;15.643924713134766
1516;9_t_3;11_t_4;15.643924713134766
1517;9_t_3;12_t_4;15.643924713134766
1518;9_t_3;13_t_4;15.643924713134766
1519;9_t_3;15_t_4;12.08311653137207
1520;9_t_3;18_t_4;15.643924713134766
1521;9_t_3;19_t_4;15.643924713134766
1522;9_t_3;21_t_4;15.643924713134766
1523;9_t_3;22_t_4;15.643924713134766
1524;9_t_3;25_t_4;15.643924713134766
1525;9_t_3;26_t_4;15.643924713134766
1526;10_t_3;0_t_4;15.443553924560547
1527;10_t_3;1_t_4;14.879201889038086
1528;10_t_3;3_t_4;16.112060546875
1529;10_t_3;5_t_4;15.350223541259766
1530;10_t_3;7_t_4;15.643924713134766
1531;10_t_3;9_t_4;12.06054973602295
1532;10_t_3;10_t_4;15.643924713134766
1533;10_t_3;14_t_4;16.021900177001953
1534;10_t_3;16_t_4;15.643924713134766
1535;10_t_3;20_t_4;15.643924713134766
1536;10_t_3;21_t_4;15.643924713134766
1537;10_t_3;23_t_4;15.643924713134766
1538;10_t_3;27_t_4;15.643924713134766
1539;10_t_3;29_t_4;15.643924713134766
1540;11_t_3;0_t_4;15.443553924560547
1541;11_t_3;1_t_4;14.879201889038086
1542;11_t_3;4_t_4;15.462059020996094
1543;11_t_3;5_t_4;15.350223541259766
1544;11_t_3;8_t_4;15.643924713134766
1545;11_t_3;9_t_4;12.06054973602295
1546;11_t_3;11_t_4;15.643924713134766
1547;11_t_3;14_t_4;16.021900177001953
1548;11_t_3;17_t_4;15.643924713134766
1549;11_t_3;20_t_4;15.643924713134766
1550;11_t_3;22_t_4;15.643924713134766
1551;11_t_3;23_t_4;15.643924713134766
1552;11_t_3;27_t_4;15.643924713134766
1553;11_t_3;29_t_4;15.643924713134766
1554;12_t_3;2_t_4;12.596797943115234
1555;12_t_3;3_t_4;16.112060546875
1556;12_t_3;6_t_4;12.458057403564453
1557;12_t_3;9_t_4;12.06054973602295
1558;12_t_3;12_t_4;15.643924713134766
1559;12_t_3;14_t_4;16.021900177001953
1560;12_t_3;15_t_4;12.08311653137207
1561;12_t_3;18_t_4;15.643924713134766
1562;12_t_3;21_t_4;15.643924713134766
1563;12_t_3;24_t_4;15.643924713134766
1564;12_t_3;25_t_4;15.643924713134766
1565;12_t_3;28_t_4;15.643924713134766
1566;12_t_3;29_t_4;15.643924713134766
1567;12_t_3;30_t_4;15.643924713134766
1568;13_t_3;2_t_4;12.596797943115234
1569;13_t_3;4_t_4;15.462059020996094
1570;13_t_3;6_t_4;12.458057403564453
1571;13_t_3;9_t_4;12.06054973602295
1572;13_t_3;13_t_4;15.643924713134766
1573;13_t_3;14_t_4;16.021900177001953
1574;13_t_3;15_t_4;12.08311653137207
1575;13_t_3;19_t_4;15.643924713134766
1576;13_t_3;22_t_4;15.643924713134766
1577;13_t_3;24_t_4;15.643924713134766
1578;13_t_3;26_t_4;15.643924713134766
1579;13_t_3;28_t_4;15.643924713134766
1580;13_t_3;29_t_4;15.643924713134766
1581;13_t_3;30_t_4;15.643924713134766
1582;14_t_3;3_t_4;16.112060546875
1583;14_t_3;4_t_4;15.462059020996094
1584;14_t_3;7_t_4;15.643924713134766
1585;14_t_3;8_t_4;15.643924713134766
1586;14_t_3;10_t_4;15.643924713134766
1587;14_t_3;11_t_4;15.643924713134766
1588;14_t_3;12_t_4;15.643924713134766
1589;14_t_3;13_t_4;15.643924713134766
1590;14_t_3;14_t_4;16.021900177001953
1591;14_t_3;16_t_4;15.643924713134766
1592;14_t_3;17_t_4;15.643924713134766
1593;14_t_3;20_t_4;15.643924713134766
1594;14_t_3;23_t_4;15.643924713134766
1595;14_t_3;24_t_4;15.643924713134766
1596;14_t_3;27_t_4;15.643924713134766
1597;15_t_3;2_t_4;12.596797943115234
1598;15_t_3;5_t_4;15.350223541259766
1599;15_t_3;6_t_4;12.458057403564453
1600;15_t_3;9_t_4;12.06054973602295
1601;15_t_3;12_t_4;15.643924713134766
1602;15_t_3;13_t_4;15.643924713134766
1603;15_t_3;15_t_4;12.08311653137207
1604;15_t_3;16_t_4;15.643924713134766
1605;15_t_3;17_t_4;15.643924713134766
1606;15_t_3;18_t_4;15.643924713134766
1607;15_t_3;19_t_4;15.643924713134766
1608;15_t_3;21_t_4;15.643924713134766
1609;15_t_3;22_t_4;15.643924713134766
1610;15_t_3;25_t_4;15.643924713134766
1611;15_t_3;26_t_4;15.643924713134766
1612;16_t_3;0_t_4;15.443553924560547
1613;16_t_3;1_t_4;14.879201889038086
1614;16_t_3;3_t_4;16.112060546875
1615;16_t_3;5_t_4;15.350223541259766
1616;16_t_3;7_t_4;15.643924713134766
1617;16_t_3;10_t_4;15.643924713134766
1618;16_t_3;14_t_4;16.021900177001953
1619;16_t_3;15_t_4;12.08311653137207
1620;16_t_3;16_t_4;15.643924713134766
1621;16_t_3;20_t_4;15.643924713134766
1622;16_t_3;23_t_4;15.643924713134766
1623;16_t_3;25_t_4;15.643924713134766
1624;16_t_3;27_t_4;15.643924713134766
1625;16_t_3;30_t_4;15.643924713134766
1626;17_t_3;0_t_4;15.443553924560547
1627;17_t_3;1_t_4;14.879201889038086
1628;17_t_3;4_t_4;15.462059020996094
1629;17_t_3;5_t_4;15.350223541259766
1630;17_t_3;8_t_4;15.643924713134766
1631;17_t_3;11_t_4;15.643924713134766
1632;17_t_3;14_t_4;16.021900177001953
1633;17_t_3;15_t_4;12.08311653137207
1634;17_t_3;17_t_4;15.643924713134766
1635;17_t_3;20_t_4;15.643924713134766
1636;17_t_3;23_t_4;15.643924713134766
1637;17_t_3;26_t_4;15.643924713134766
1638;17_t_3;27_t_4;15.643924713134766
1639;17_t_3;30_t_4;15.643924713134766
1640;18_t_3;0_t_4;15.443553924560547
1641;18_t_3;2_t_4;12.596797943115234
1642;18_t_3;6_t_4;12.458057403564453
1643;18_t_3;7_t_4;15.643924713134766
1644;18_t_3;9_t_4;12.06054973602295
1645;18_t_3;12_t_4;15.643924713134766
1646;18_t_3;15_t_4;12.08311653137207
1647;18_t_3;18_t_4;15.643924713134766
1648;18_t_3;20_t_4;15.643924713134766
1649;18_t_3;21_t_4;15.643924713134766
1650;18_t_3;24_t_4;15.643924713134766
1651;18_t_3;25_t_4;15.643924713134766
1652;18_t_3;28_t_4;15.643924713134766
1653;18_t_3;29_t_4;15.643924713134766
1654;18_t_3;30_t_4;15.643924713134766
1655;19_t_3;0_t_4;15.443553924560547
1656;19_t_3;2_t_4;12.596797943115234
1657;19_t_3;6_t_4;12.458057403564453
1658;19_t_3;8_t_4;15.643924713134766
1659;19_t_3;9_t_4;12.06054973602295
1660;19_t_3;13_t_4;15.643924713134766
1661;19_t_3;15_t_4;12.08311653137207
1662;19_t_3;19_t_4;15.643924713134766
1663;19_t_3;20_t_4;15.643924713134766
1664;19_t_3;22_t_4;15.643924713134766
1665;19_t_3;24_t_4;15.643924713134766
1666;19_t_3;26_t_4;15.643924713134766
1667;19_t_3;28_t_4;15.643924713134766
1668;19_t_3;29_t_4;15.643924713134766
1669;19_t_3;30_t_4;15.643924713134766
1670;20_t_3;3_t_4;16.112060546875
1671;20_t_3;4_t_4;15.462059020996094
1672;20_t_3;7_t_4;15.643924713134766
1673;20_t_3;8_t_4;15.643924713134766
1674;20_t_3;10_t_4;15.643924713134766
1675;20_t_3;11_t_4;15.643924713134766
1676;20_t_3;14_t_4;16.021900177001953
1677;20_t_3;16_t_4;15.643924713134766
1678;20_t_3;17_t_4;15.643924713134766
1679;20_t_3;18_t_4;15.643924713134766
1680;20_t_3;19_t_4;15.643924713134766
1681;20_t_3;20_t_4;15.643924713134766
1682;20_t_3;23_t_4;15.643924713134766
1683;20_t_3;27_t_4;15.643924713134766
1684;20_t_3;28_t_4;15.643924713134766
1685;21_t_3;1_t_4;14.879201889038086
1686;21_t_3;2_t_4;12.596797943115234
1687;21_t_3;6_t_4;12.458057403564453
1688;21_t_3;9_t_4;12.06054973602295
1689;21_t_3;10_t_4;15.643924713134766
1690;21_t_3;12_t_4;15.643924713134766
1691;21_t_3;15_t_4;12.08311653137207
1692;21_t_3;18_t_4;15.643924713134766
1693;21_t_3;21_t_4;15.643924713134766
1694;21_t_3;23_t_4;15.643924713134766
1695;21_t_3;24_t_4;15.643924713134766
1696;21_t_3;25_t_4;15.643924713134766
1697;21_t_3;28_t_4;15.643924713134766
1698;21_t_3;29_t_4;15.643924713134766
1699;21_t_3;30_t_4;15.643924713134766
1700;22_t_3;1_t_4;14.879201889038086
1701;22_t_3;2_t_4;12.596797943115234
1702;22_t_3;6_t_4;12.458057403564453
1703;22_t_3;9_t_4;12.06054973602295
1704;22_t_3;11_t_4;15.643924713134766
1705;22_t_3;13_t_4;15.643924713134766
1706;22_t_3;15_t_4;12.08311653137207
1707;22_t_3;19_t_4;15.643924713134766
1708;22_t_3;22_t_4;15.643924713134766
1709;22_t_3;23_t_4;15.643924713134766
1710;22_t_3;24_t_4;15.643924713134766
1711;22_t_3;26_t_4;15.643924713134766
1712;22_t_3;28_t_4;15.643924713134766
1713;22_t_3;29_t_4;15.643924713134766
1714;22_t_3;30_t_4;15.643924713134766
1715;23_t_3;3_t_4;16.112060546875
1716;23_t_3;4_t_4;15.462059020996094
1717;23_t_3;7_t_4;15.643924713134766
1718;23_t_3;8_t_4;15.643924713134766
1719;23_t_3;10_t_4;15.643924713134766
1720;23_t_3;11_t_4;15.643924713134766
1721;23_t_3;14_t_4;16.021900177001953
1722;23_t_3;16_t_4;15.643924713134766
1723;23_t_3;17_t_4;15.643924713134766
1724;23_t_3;20_t_4;15.643924713134766
1725;23_t_3;21_t_4;15.643924713134766
1726;23_t_3;22_t_4;15.643924713134766
1727;23_t_3;23_t_4;15.643924713134766
1728;23_t_3;27_t_4;15.643924713134766
1729;23_t_3;29_t_4;15.643924713134766
1730;24_t_3;3_t_4;16.112060546875
1731;24_t_3;4_t_4;15.462059020996094
1732;24_t_3;12_t_4;15.643924713134766
1733;24_t_3;13_t_4;15.643924713134766
1734;24_t_3;14_t_4;16.021900177001953
1735;24_t_3;18_t_4;15.643924713134766
1736;24_t_3;19_t_4;15.643924713134766
1737;24_t_3;21_t_4;15.643924713134766
1738;24_t_3;22_t_4;15.643924713134766
1739;24_t_3;24_t_4;15.643924713134766
1740;24_t_3;25_t_4;15.643924713134766
1741;24_t_3;26_t_4;15.643924713134766
1742;24_t_3;28_t_4;15.643924713134766
1743;24_t_3;29_t_4;15.643924713134766
1744;24_t_3;30_t_4;15.643924713134766
1745;25_t_3;2_t_4;12.596797943115234
1746;25_t_3;5_t_4;15.350223541259766
1747;25_t_3;6_t_4;12.458057403564453
1748;25_t_3;9_t_4;12.06054973602295
1749;25_t_3;12_t_4;15.643924713134766
1750;25_t_3;15_t_4;12.08311653137207
1751;25_t_3;16_t_4;15.643924713134766
1752;25_t_3;18_t_4;15.643924713134766
1753;25_t_3;21_t_4;15.643924713134766
1754;25_t_3;24_t_4;15.643924713134766
1755;25_t_3;25_t_4;15.643924713134766
1756;25_t_3;27_t_4;15.643924713134766
1757;25_t_3;28_t_4;15.643924713134766
1758;25_t_3;29_t_4;15.643924713134766
1759;25_t_3;30_t_4;15.643924713134766
1760;26_t_3;2_t_4;12.596797943115234
1761;26_t_3;5_t_4;15.350223541259766
1762;26_t_3;6_t_4;12.458057403564453
1763;26_t_3;9_t_4;12.06054973602295
1764;26_t_3;13_t_4;15.643924713134766
1765;26_t_3;15_t_4;12.08311653137207
1766;26_t_3;17_t_4;15.643924713134766
1767;26_t_3;19_t_4;15.643924713134766
1768;26_t_3;22_t_4;15.643924713134766
1769;26_t_3;24_t_4;15.643924713134766
1770;26_t_3;26_t_4;15.643924713134766
1771;26_t_3;27_t_4;15.643924713134766
1772;26_t_3;28_t_4;15.643924713134766
1773;26_t_3;29_t_4;15.643924713134766
1774;26_t_3;30_t_4;15.643924713134766
1775;27_t_3;3_t_4;16.112060546875
1776;27_t_3;4_t_4;15.462059020996094
1777;27_t_3;7_t_4;15.643924713134766
1778;27_t_3;8_t_4;15.643924713134766
1779;27_t_3;10_t_4;15.643924713134766
1780;27_t_3;11_t_4;15.643924713134766
1781;27_t_3;14_t_4;16.021900177001953
1782;27_t_3;16_t_4;15.643924713134766
1783;27_t_3;17_t_4;15.643924713134766
1784;27_t_3;20_t_4;15.643924713134766
1785;27_t_3;23_t_4;15.643924713134766
1786;27_t_3;25_t_4;15.643924713134766
1787;27_t_3;26_t_4;15.643924713134766
1788;27_t_3;27_t_4;15.643924713134766
1789;27_t_3;30_t_4;15.643924713134766
1790;28_t_3;7_t_4;15.643924713134766
1791;28_t_3;8_t_4;15.643924713134766
1792;28_t_3;12_t_4;15.643924713134766
1793;28_t_3;13_t_4;15.643924713134766
1794;28_t_3;18_t_4;15.643924713134766
1795;28_t_3;19_t_4;15.643924713134766
1796;28_t_3;20_t_4;15.643924713134766
1797;28_t_3;21_t_4;15.643924713134766
1798;28_t_3;22_t_4;15.643924713134766
1799;28_t_3;24_t_4;15.643924713134766
1800;28_t_3;25_t_4;15.643924713134766
1801;28_t_3;26_t_4;15.643924713134766
1802;28_t_3;28_t_4;15.643924713134766
1803;28_t_3;29_t_4;15.643924713134766
1804;28_t_3;30_t_4;15.643924713134766
1805;29_t_3;10_t_4;15.643924713134766
1806;29_t_3;11_t_4;15.643924713134766
1807;29_t_3;12_t_4;15.643924713134766
1808;29_t_3;13_t_4;15.643924713134766
1809;29_t_3;18_t_4;15.643924713134766
1810;29_t_3;19_t_4;15.643924713134766
1811;29_t_3;21_t_4;15.643924713134766
1812;29_t_3;22_t_4;15.643924713134766
1813;29_t_3;23_t_4;15.643924713134766
1814;29_t_3;24_t_4;15.643924713134766
1815;29_t_3;25_t_4;15.643924713134766
1816;29_t_3;26_t_4;15.643924713134766
1817;29_t_3;28_t_4;15.643924713134766
1818;29_t_3;29_t_4;15.643924713134766
1819;29_t_3;30_t_4;15.643924713134766
1820;30_t_3;12_t_4;15.643924713134766
1821;30_t_3;13_t_4;15.643924713134766
1822;30_t_3;16_t_4;15.643924713134766
1823;30_t_3;17_t_4;15.643924713134766
1824;30_t_3;18_t_4;15.643924713134766
1825;30_t_3;19_t_4;15.643924713134766
1826;30_t_3;21_t_4;15.643924713134766
1827;30_t_3;22_t_4;15.643924713134766
1828;30_t_3;24_t_4;15.643924713134766
1829;30_t_3;25_t_4;15.643924713134766
1830;30_t_3;26_t_4;15.643924713134766
1831;30_t_3;27_t_4;15.643924713134766
1832;30_t_3;28_t_4;15.643924713134766
1833;30_t_3;29_t_4;15.643924713134766
1834;30_t_3;30_t_4;15.643924713134766
1835;0_t_4;0_t_5;15.493837356567383
1836;0_t_4;1_t_5;14.955290794372559
1837;0_t_4;3_t_5;16.139232635498047
1838;0_t_4;4_t_5;15.48853588104248
1839;0_t_4;5_t_5;15.391461372375488
1840;0_t_4;6_t_5;12.520946502685547
1841;0_t_4;7_t_5;15.669208526611328
1842;0_t_4;8_t_5;15.669208526611328
1843;0_t_4;10_t_5;15.669208526611328
1844;0_t_4;11_t_5;15.669208526611328
1845;0_t_4;16_t_5;15.669208526611328
1846;0_t_4;17_t_5;15.669208526611328
1847;0_t_4;18_t_5;15.669208526611328
1848;0_t_4;19_t_5;15.669208526611328
1849;1_t_4;0_t_5;15.493837356567383
1850;1_t_4;1_t_5;14.955290794372559
1851;1_t_4;3_t_5;16.139232635498047
1852;1_t_4;4_t_5;15.48853588104248
1853;1_t_4;5_t_5;15.391461372375488
1854;1_t_4;7_t_5;15.669208526611328
1855;1_t_4;8_t_5;15.669208526611328
1856;1_t_4;9_t_5;12.141647338867188
1857;1_t_4;10_t_5;15.669208526611328
1858;1_t_4;11_t_5;15.669208526611328
1859;1_t_4;16_t_5;15.669208526611328
1860;1_t_4;17_t_5;15.669208526611328
1861;1_t_4;21_t_5;15.669208526611328
1862;1_t_4;22_t_5;15.669208526611328
1863;2_t_4;2_t_5;12.63759708404541
1864;2_t_4;3_t_5;16.139232635498047
1865;2_t_4;4_t_5;15.48853588104248
1866;2_t_4;6_t_5;12.520946502685547
1867;2_t_4;9_t_5;12.141647338867188
1868;2_t_4;12_t_5;15.669208526611328
1869;2_t_4;13_t_5;15.669208526611328
1870;2_t_4;15_t_5;12.142043113708496
1871;2_t_4;18_t_5;15.669208526611328
1872;2_t_4;19_t_5;15.669208526611328
1873;2_t_4;21_t_5;15.669208526611328
1874;2_t_4;22_t_5;15.669208526611328
1875;2_t_4;25_t_5;15.669208526611328
1876;2_t_4;26_t_5;15.669208526611328
1877;3_t_4;0_t_5;15.493837356567383
1878;3_t_4;1_t_5;14.955290794372559
1879;3_t_4;2_t_5;12.63759708404541
1880;3_t_4;3_t_5;16.139232635498047
1881;3_t_4;5_t_5;15.391461372375488
1882;3_t_4;7_t_5;15.669208526611328
1883;3_t_4;10_t_5;15.669208526611328
1884;3_t_4;12_t_5;15.669208526611328
1885;3_t_4;14_t_5;16.04903793334961
1886;3_t_4;16_t_5;15.669208526611328
1887;3_t_4;20_t_5;15.669208526611328
1888;3_t_4;23_t_5;15.669208526611328
1889;3_t_4;24_t_5;15.669208526611328
1890;3_t_4;27_t_5;15.669208526611328
1891;4_t_4;0_t_5;15.493837356567383
1892;4_t_4;1_t_5;14.955290794372559
1893;4_t_4;2_t_5;12.63759708404541
1894;4_t_4;4_t_5;15.48853588104248
1895;4_t_4;5_t_5;15.391461372375488
1896;4_t_4;8_t_5;15.669208526611328
1897;4_t_4;11_t_5;15.669208526611328
1898;4_t_4;13_t_5;15.669208526611328
1899;4_t_4;14_t_5;16.04903793334961
1900;4_t_4;17_t_5;15.669208526611328
1901;4_t_4;20_t_5;15.669208526611328
1902;4_t_4;23_t_5;15.669208526611328
1903;4_t_4;24_t_5;15.669208526611328
1904;4_t_4;27_t_5;15.669208526611328
1905;5_t_4;0_t_5;15.493837356567383
1906;5_t_4;1_t_5;14.955290794372559
1907;5_t_4;3_t_5;16.139232635498047
1908;5_t_4;4_t_5;15.48853588104248
1909;5_t_4;5_t_5;15.391461372375488
1910;5_t_4;7_t_5;15.669208526611328
1911;5_t_4;8_t_5;15.669208526611328
1912;5_t_4;10_t_5;15.669208526611328
1913;5_t_4;11_t_5;15.669208526611328
1914;5_t_4;15_t_5;12.142043113708496
1915;5_t_4;16_t_5;15.669208526611328
1916;5_t_4;17_t_5;15.669208526611328
1917;5_t_4;25_t_5;15.669208526611328
1918;5_t_4;26_t_5;15.669208526611328
1919;6_t_4;0_t_5;15.493837356567383
1920;6_t_4;2_t_5;12.63759708404541
1921;6_t_4;6_t_5;12.520946502685547
1922;6_t_4;7_t_5;15.669208526611328
1923;6_t_4;8_t_5;15.669208526611328
1924;6_t_4;9_t_5;12.141647338867188
1925;6_t_4;12_t_5;15.669208526611328
1926;6_t_4;13_t_5;15.669208526611328
1927;6_t_4;15_t_5;12.142043113708496
1928;6_t_4;18_t_5;15.669208526611328
1929;6_t_4;19_t_5;15.669208526611328
1930;6_t_4;21_t_5;15.669208526611328
1931;6_t_4;22_t_5;15.669208526611328
1932;6_t_4;25_t_5;15.669208526611328
1933;6_t_4;26_t_5;15.669208526611328
1934;7_t_4;0_t_5;15.493837356567383
1935;7_t_4;1_t_5;14.955290794372559
1936;7_t_4;3_t_5;16.139232635498047
1937;7_t_4;5_t_5;15.391461372375488
1938;7_t_4;6_t_5;12.520946502685547
1939;7_t_4;7_t_5;15.669208526611328
1940;7_t_4;10_t_5;15.669208526611328
1941;7_t_4;14_t_5;16.04903793334961
1942;7_t_4;16_t_5;15.669208526611328
1943;7_t_4;18_t_5;15.669208526611328
1944;7_t_4;20_t_5;15.669208526611328
1945;7_t_4;23_t_5;15.669208526611328
1946;7_t_4;27_t_5;15.669208526611328
1947;7_t_4;28_t_5;15.669208526611328
1948;8_t_4;0_t_5;15.493837356567383
1949;8_t_4;1_t_5;14.955290794372559
1950;8_t_4;4_t_5;15.48853588104248
1951;8_t_4;5_t_5;15.391461372375488
1952;8_t_4;6_t_5;12.520946502685547
1953;8_t_4;8_t_5;15.669208526611328
1954;8_t_4;11_t_5;15.669208526611328
1955;8_t_4;14_t_5;16.04903793334961
1956;8_t_4;17_t_5;15.669208526611328
1957;8_t_4;19_t_5;15.669208526611328
1958;8_t_4;20_t_5;15.669208526611328
1959;8_t_4;23_t_5;15.669208526611328
1960;8_t_4;27_t_5;15.669208526611328
1961;8_t_4;28_t_5;15.669208526611328
1962;9_t_4;1_t_5;14.955290794372559
1963;9_t_4;2_t_5;12.63759708404541
1964;9_t_4;6_t_5;12.520946502685547
1965;9_t_4;9_t_5;12.141647338867188
1966;9_t_4;10_t_5;15.669208526611328
1967;9_t_4;11_t_5;15.669208526611328
1968;9_t_4;12_t_5;15.669208526611328
1969;9_t_4;13_t_5;15.669208526611328
1970;9_t_4;15_t_5;12.142043113708496
1971;9_t_4;18_t_5;15.669208526611328
1972;9_t_4;19_t_5;15.669208526611328
1973;9_t_4;21_t_5;15.669208526611328
1974;9_t_4;22_t_5;15.669208526611328
1975;9_t_4;25_t_5;15.669208526611328
1976;9_t_4;26_t_5;15.669208526611328
1977;10_t_4;0_t_5;15.493837356567383
1978;10_t_4;1_t_5;14.955290794372559
1979;10_t_4;3_t_5;16.139232635498047
1980;10_t_4;5_t_5;15.391461372375488
1981;10_t_4;7_t_5;15.669208526611328
1982;10_t_4;9_t_5;12.141647338867188
1983;10_t_4;10_t_5;15.669208526611328
1984;10_t_4;14_t_5;16.04903793334961
1985;10_t_4;16_t_5;15.669208526611328
1986;10_t_4;20_t_5;15.669208526611328
1987;10_t_4;21_t_5;15.669208526611328
1988;10_t_4;23_t_5;15.669208526611328
1989;10_t_4;27_t_5;15.669208526611328
1990;10_t_4;29_t_5;15.669208526611328
1991;11_t_4;0_t_5;15.493837356567383
1992;11_t_4;1_t_5;14.955290794372559
1993;11_t_4;4_t_5;15.48853588104248
1994;11_t_4;5_t_5;15.391461372375488
1995;11_t_4;8_t_5;15.669208526611328
1996;11_t_4;9_t_5;12.141647338867188
1997;11_t_4;11_t_5;15.669208526611328
1998;11_t_4;14_t_5;16.04903793334961
1999;11_t_4;17_t_5;15.669208526611328
2000;11_t_4;20_t_5;15.669208526611328
2001;11_t_4;22_t_5;15.669208526611328
2002;11_t_4;23_t_5;15.669208526611328
2003;11_t_4;27_t_5;15.669208526611328
2004;11_t_4;29_t_5;15.669208526611328
2005;12_t_4;2_t_5;12.63759708404541
2006;12_t_4;3_t_5;16.139232635498047
2007;12_t_4;6_t_5;12.520946502685547
2008;12_t_4;9_t_5;12.141647338867188
2009;12_t_4;12_t_5;15.669208526611328
2010;12_t_4;14_t_5;16.04903793334961
2011;12_t_4;15_t_5;12.142043113708496
2012;12_t_4;18_t_5;15.669208526611328
2013;12_t_4;21_t_5;15.669208526611328
2014;12_t_4;24_t_5;15.669208526611328
2015;12_t_4;25_t_5;15.669208526611328
2016;12_t_4;28_t_5;15.669208526611328
2017;12_t_4;29_t_5;15.669208526611328
2018;12_t_4;30_t_5;15.669208526611328
2019;13_t_4;2_t_5;12.63759708404541
2020;13_t_4;4_t_5;15.48853588104248
2021;13_t_4;6_t_5;12.520946502685547
2022;13_t_4;9_t_5;12.141647338867188
2023;13_t_4;13_t_5;15.669208526611328
2024;13_t_4;14_t_5;16.04903793334961
2025;13_t_4;15_t_5;12.142043113708496
2026;13_t_4;19_t_5;15.669208526611328
2027;13_t_4;22_t_5;15.669208526611328
2028;13_t_4;24_t_5;15.669208526611328
2029;13_t_4;26_t_5;15.669208526611328
2030;13_t_4;28_t_5;15.669208526611328
2031;13_t_4;29_t_5;15.669208526611328
2032;13_t_4;30_t_5;15.669208526611328
2033;14_t_4;3_t_5;16.139232635498047
2034;14_t_4;4_t_5;15.48853588104248
2035;14_t_4;7_t_5;15.669208526611328
2036;14_t_4;8_t_5;15.669208526611328
2037;14_t_4;10_t_5;15.669208526611328
2038;14_t_4;11_t_5;15.669208526611328
2039;14_t_4;12_t_5;15.669208526611328
2040;14_t_4;13_t_5;15.669208526611328
2041;14_t_4;14_t_5;16.04903793334961
2042;14_t_4;16_t_5;15.669208526611328
2043;14_t_4;17_t_5;15.669208526611328
2044;14_t_4;20_t_5;15.669208526611328
2045;14_t_4;23_t_5;15.669208526611328
2046;14_t_4;24_t_5;15.669208526611328
2047;14_t_4;27_t_5;15.669208526611328
2048;15_t_4;2_t_5;12.63759708404541
2049;15_t_4;5_t_5;15.391461372375488
2050;15_t_4;6_t_5;12.520946502685547
2051;15_t_4;9_t_5;12.141647338867188
2052;15_t_4;12_t_5;15.669208526611328
2053;15_t_4;13_t_5;15.669208526611328
2054;15_t_4;15_t_5;12.142043113708496
2055;15_t_4;16_t_5;15.669208526611328
2056;15_t_4;17_t_5;15.669208526611328
2057;15_t_4;18_t_5;15.669208526611328
2058;15_t_4;19_t_5;15.669208526611328
2059;15_t_4;21_t_5;15.669208526611328
2060;15_t_4;22_t_5;15.669208526611328
2061;15_t_4;25_t_5;15.669208526611328
2062;15_t_4;26_t_5;15.669208526611328
2063;16_t_4;0_t_5;15.493837356567383
2064;16_t_4;1_t_5;14.955290794372559
2065;16_t_4;3_t_5;16.139232635498047
2066;16_t_4;5_t_5;15.391461372375488
2067;16_t_4;7_t_5;15.669208526611328
2068;16_t_4;10_t_5;15.669208526611328
2069;16_t_4;14_t_5;16.04903793334961
2070;16_t_4;15_t_5;12.142043113708496
2071;16_t_4;16_t_5;15.669208526611328
2072;16_t_4;20_t_5;15.669208526611328
2073;16_t_4;23_t_5;15.669208526611328
2074;16_t_4;25_t_5;15.669208526611328
2075;16_t_4;27_t_5;15.669208526611328
2076;16_t_4;30_t_5;15.669208526611328
2077;17_t_4;0_t_5;15.493837356567383
2078;17_t_4;1_t_5;14.955290794372559
2079;17_t_4;4_t_5;15.48853588104248
2080;17_t_4;5_t_5;15.391461372375488
2081;17_t_4;8_t_5;15.669208526611328
2082;17_t_4;11_t_5;15.669208526611328
2083;17_t_4;14_t_5;16.04903793334961
2084;17_t_4;15_t_5;12.142043113708496
2085;17_t_4;17_t_5;15.669208526611328
2086;17_t_4;20_t_5;15.669208526611328
2087;17_t_4;23_t_5;15.669208526611328
2088;17_t_4;26_t_5;15.669208526611328
2089;17_t_4;27_t_5;15.669208526611328
2090;17_t_4;30_t_5;15.669208526611328
2091;18_t_4;0_t_5;15.493837356567383
2092;18_t_4;2_t_5;12.63759708404541
2093;18_t_4;6_t_5;12.520946502685547
2094;18_t_4;7_t_5;15.669208526611328
2095;18_t_4;9_t_5;12.141647338867188
2096;18_t_4;12_t_5;15.669208526611328
2097;18_t_4;15_t_5;12.142043113708496
2098;18_t_4;18_t_5;15.669208526611328
2099;18_t_4;20_t_5;15.669208526611328
2100;18_t_4;21_t_5;15.669208526611328
2101;18_t_4;24_t_5;15.669208526611328
2102;18_t_4;25_t_5;15.669208526611328
2103;18_t_4;28_t_5;15.669208526611328
2104;18_t_4;29_t_5;15.669208526611328
2105;18_t_4;30_t_5;15.669208526611328
2106;19_t_4;0_t_5;15.493837356567383
2107;19_t_4;2_t_5;12.63759708404541
2108;19_t_4;6_t_5;12.520946502685547
2109;19_t_4;8_t_5;15.669208526611328
2110;19_t_4;9_t_5;12.141647338867188
2111;19_t_4;13_t_5;15.669208526611328
2112;19_t_4;15_t_5;12.142043113708496
2113;19_t_4;19_t_5;15.669208526611328
2114;19_t_4;20_t_5;15.669208526611328
2115;19_t_4;22_t_5;15.669208526611328
2116;19_t_4;24_t_5;15.669208526611328
2117;19_t_4;26_t_5;15.669208526611328
2118;19_t_4;28_t_5;15.669208526611328
2119;19_t_4;29_t_5;15.669208526611328
2120;19_t_4;30_t_5;15.669208526611328
2121;20_t_4;3_t_5;16.139232635498047
2122;20_t_4;4_t_5;15.48853588104248
2123;20_t_4;7_t_5;15.669208526611328
2124;20_t_4;8_t_5;15.669208526611328
2125;20_t_4;10_t_5;15.669208526611328
2126;20_t_4;11_t_5;15.669208526611328
2127;20_t_4;14_t_5;16.04903793334961
2128;20_t_4;16_t_5;15.669208526611328
2129;20_t_4;17_t_5;15.669208526611328
2130;20_t_4;18_t_5;15.669208526611328
2131;20_t_4;19_t_5;15.669208526611328
2132;20_t_4;20_t_5;15.669208526611328
2133;20_t_4;23_t_5;15.669208526611328
2134;20_t_4;27_t_5;15.669208526611328
2135;20_t_4;28_t_5;15.669208526611328
2136;21_t_4;1_t_5;14.955290794372559
2137;21_t_4;2_t_5;12.63759708404541
2138;21_t_4;6_t_5;12.520946502685547
2139;21_t_4;9_t_5;12.141647338867188
2140;21_t_4;10_t_5;15.669208526611328
2141;21_t_4;12_t_5;15.669208526611328
2142;21_t_4;15_t_5;12.142043113708496
2143;21_t_4;18_t_5;15.669208526611328
2144;21_t_4;21_t_5;15.669208526611328
2145;21_t_4;23_t_5;15.669208526611328
2146;21_t_4;24_t_5;15.669208526611328
2147;21_t_4;25_t_5;15.669208526611328
2148;21_t_4;28_t_5;15.669208526611328
2149;21_t_4;29_t_5;15.669208526611328
2150;21_t_4;30_t_5;15.669208526611328
2151;22_t_4;1_t_5;14.955290794372559
2152;22_t_4;2_t_5;12.63759708404541
2153;22_t_4;6_t_5;12.520946502685547
2154;22_t_4;9_t_5;12.141647338867188
2155;22_t_4;11_t_5;15.669208526611328
2156;22_t_4;13_t_5;15.669208526611328
2157;22_t_4;15_t_5;12.142043113708496
2158;22_t_4;19_t_5;15.669208526611328
2159;22_t_4;22_t_5;15.669208526611328
2160;22_t_4;23_t_5;15.669208526611328
2161;22_t_4;24_t_5;15.669208526611328
2162;22_t_4;26_t_5;15.669208526611328
2163;22_t_4;28_t_5;15.669208526611328
2164;22_t_4;29_t_5;15.669208526611328
2165;22_t_4;30_t_5;15.669208526611328
2166;23_t_4;3_t_5;16.139232635498047
2167;23_t_4;4_t_5;15.48853588104248
2168;23_t_4;7_t_5;15.669208526611328
2169;23_t_4;8_t_5;15.669208526611328
2170;23_t_4;10_t_5;15.669208526611328
2171;23_t_4;11_t_5;15.669208526611328
2172;23_t_4;14_t_5;16.04903793334961
2173;23_t_4;16_t_5;15.669208526611328
2174;23_t_4;17_t_5;15.669208526611328
2175;23_t_4;20_t_5;15.669208526611328
2176;23_t_4;21_t_5;15.669208526611328
2177;23_t_4;22_t_5;15.669208526611328
2178;23_t_4;23_t_5;15.669208526611328
2179;23_t_4;27_t_5;15.669208526611328
2180;23_t_4;29_t_5;15.669208526611328
2181;24_t_4;3_t_5;16.139232635498047
2182;24_t_4;4_t_5;15.48853588104248
2183;24_t_4;12_t_5;15.669208526611328
2184;24_t_4;13_t_5;15.669208526611328
2185;24_t_4;14_t_5;16.04903793334961
2186;24_t_4;18_t_5;15.669208526611328
2187;24_t_4;19_t_5;15.669208526611328
2188;24_t_4;21_t_5;15.669208526611328
2189;24_t_4;22_t_5;15.669208526611328
2190;24_t_4;24_t_5;15.669208526611328
2191;24_t_4;25_t_5;15.669208526611328
2192;24_t_4;26_t_5;15.669208526611328
2193;24_t_4;28_t_5;15.669208526611328
2194;24_t_4;29_t_5;15.669208526611328
2195;24_t_4;30_t_5;15.669208526611328
2196;25_t_4;2_t_5;12.63759708404541
2197;25_t_4;5_t_5;15.391461372375488
2198;25_t_4;6_t_5;12.520946502685547
2199;25_t_4;9_t_5;12.141647338867188
2200;25_t_4;12_t_5;15.669208526611328
2201;25_t_4;15_t_5;12.142043113708496
2202;25_t_4;16_t_5;15.669208526611328
2203;25_t_4;18_t_5;15.669208526611328
2204;25_t_4;21_t_5;15.669208526611328
2205;25_t_4;24_t_5;15.669208526611328
2206;25_t_4;25_t_5;15.669208526611328
2207;25_t_4;27_t_5;15.669208526611328
2208;25_t_4;28_t_5;15.669208526611328
2209;25_t_4;29_t_5;15.669208526611328
2210;25_t_4;30_t_5;15.669208526611328
2211;26_t_4;2_t_5;12.63759708404541
2212;26_t_4;5_t_5;15.391461372375488
2213;26_t_4;6_t_5;12.520946502685547
2214;26_t_4;9_t_5;12.141647338867188
2215;26_t_4;13_t_5;15.669208526611328
2216;26_t_4;15_t_5;12.142043113708496
2217;26_t_4;17_t_5;15.669208526611328
2218;26_t_4;19_t_5;15.669208526611328
2219;26_t_4;22_t_5;15.669208526611328
2220;26_t_4;24_t_5;15.669208526611328
2221;26_t_4;26_t_5;15.669208526611328
2222;26_t_4;27_t_5;15.669208526611328
2223;26_t_4;28_t_5;15.669208526611328
2224;26_t_4;29_t_5;15.669208526611328
2225;26_t_4;30_t_5;15.669208526611328
2226;27_t_4;3_t_5;16.139232635498047
2227;27_t_4;4_t_5;15.48853588104248
2228;27_t_4;7_t_5;15.669208526611328
2229;27_t_4;8_t_5;15.669208526611328
2230;27_t_4;10_t_5;15.669208526611328
2231;27_t_4;11_t_5;15.669208526611328
2232;27_t_4;14_t_5;16.04903793334961
2233;27_t_4;16_t_5;15.669208526611328
2234;27_t_4;17_t_5;15.669208526611328
2235;27_t_4;20_t_5;15.669208526611328
2236;27_t_4;23_t_5;15.669208526611328
2237;27_t_4;25_t_5;15.669208526611328
2238;27_t_4;26_t_5;15.669208526611328
2239;27_t_4;27_t_5;15.669208526611328
2240;27_t_4;30_t_5;15.669208526611328
2241;28_t_4;7_t_5;15.669208526611328
2242;28_t_4;8_t_5;15.669208526611328
2243;28_t_4;12_t_5;15.669208526611328
2244;28_t_4;13_t_5;15.669208526611328
2245;28_t_4;18_t_5;15.669208526611328
2246;28_t_4;19_t_5;15.669208526611328
2247;28_t_4;20_t_5;15.669208526611328
2248;28_t_4;21_t_5;15.669208526611328
2249;28_t_4;22_t_5;15.669208526611328
2250;28_t_4;24_t_5;15.669208526611328
2251;28_t_4;25_t_5;15.669208526611328
2252;28_t_4;26_t_5;15.669208526611328
2253;28_t_4;28_t_5;15.669208526611328
2254;28_t_4;29_t_5;15.669208526611328
2255;28_t_4;30_t_5;15.669208526611328
2256;29_t_4;10_t_5;15.669208526611328
2257;29_t_4;11_t_5;15.669208526611328
2258;29_t_4;12_t_5;15.669208526611328
2259;29_t_4;13_t_5;15.669208526611328
2260;29_t_4;18_t_5;15.669208526611328
2261;29_t_4;19_t_5;15.669208526611328
2262;29_t_4;21_t_5;15.669208526611328
2263;29_t_4;22_t_5;15.669208526611328
2264;29_t_4;23_t_5;15.669208526611328
2265;29_t_4;24_t_5;15.669208526611328
2266;29_t_4;25_t_5;15.669208526611328
2267;29_t_4;26_t_5;15.669208526611328
2268;29_t_4;28_t_5;15.669208526611328
2269;29_t_4;29_t_5;15.669208526611328
2270;29_t_4;30_t_5;15.669208526611328
2271;30_t_4;12_t_5;15.669208526611328
2272;30_t_4;13_t_5;15.669208526611328
2273;30_t_4;16_t_5;15.669208526611328
2274;30_t_4;17_t_5;15.669208526611328
2275;30_t_4;18_t_5;15.669208526611328
2276;30_t_4;19_t_5;15.669208526611328
2277;30_t_4;21_t_5;15.669208526611328
2278;30_t_4;22_t_5;15.669208526611328
2279;30_t_4;24_t_5;15.669208526611328
2280;30_t_4;25_t_5;15.669208526611328
2281;30_t_4;26_t_5;15.669208526611328
2282;30_t_4;27_t_5;15.669208526611328
2283;30_t_4;28_t_5;15.669208526611328
2284;30_t_4;29_t_5;15.669208526611328
2285;30_t_4;30_t_5;15.669208526611328
2286;0_t_5;end;0.1
2287;1_t_5;end;0.1
2288;2_t_5;end;0.1
2289;3_t_5;end;0.1
2290;4_t_5;end;0.1
2291;5_t_5;end;0.1
2292;6_t_5;end;0.1
2293;7_t_5;end;0.1
2294;8_t_5;end;0.1
2295;9_t_5;end;0.1
2296;10_t_5;end;0.1
2297;11_t_5;end;0.1
2298;12_t_5;end;0.1
2299;13_t_5;end;0.1
2300;14_t_5;end;0.1
2301;15_t_5;end;0.1
2302;16_t_5;end;0.1
2303;17_t_5;end;0.1
2304;18_t_5;end;0.1
2305;19_t_5;end;0.1
2306;20_t_5;end;0.1
2307;21_t_5;end;0.1
2308;22_t_5;end;0.1
2309;23_t_5;end;0.1
2310;24_t_5;end;0.1
2311;25_t_5;end;0.1
2312;26_t_5;end;0.1
2313;27_t_5;end;0.1
2314;28_t_5;end;0.1
2315;29_t_5;end;0.1
2316;30_t_5;end;0.1
